company_id,name
company_zarbio,Zarbio
company_plexxikon_inc,Plexxikon Inc
company_vanderbilt_university,Vanderbilt University
company_nationwide_children_s_hospital,Nationwide Children's Hospital
company_university_of_california,University of California
company_jiangsu_nhwa_pharmaceutical_group_co_ltd,Jiangsu Nhwa Pharmaceutical Group Co Ltd
company_gasherbrum_bio_inc,Gasherbrum Bio Inc
company_perha_pharmaceuticals,Perha Pharmaceuticals
company_gunma_university,Gunma University
company_zeon_corp,Zeon Corp
company_prelude_therapeutics_inc,Prelude Therapeutics Inc
company_childrens_medical_center_corp,Childrens Medical Center Corp
company_emory_university,Emory University
company_ono_pharmaceutical_co_ltd,Ono Pharmaceutical Co Ltd
company_wuxi_apptec_shanghai_co_ltd,Wuxi Apptec (Shanghai) Co Ltd
company_takeda_pharmaceutical_co_limited,Takeda Pharmaceutical Co Limited
company_alectos_therapeutics_inc,Alectos Therapeutics Inc
company_ajou_university,Ajou University
company_eli_lilly_co,Eli Lilly & Co
company_amgen_inc,Amgen Inc
company_vigil_neurosciences,Vigil Neurosciences
company_psilera_inc,Psilera Inc
company_dartmouth_college,Dartmouth College
company_kaerus_bioscience_ltd,Kaerus Bioscience Ltd
company_jagiellonian_university,Jagiellonian University
company_caamtech_llc,CaaMTech LLC
company_centre_national_de_la_recherche_scientifique,Centre National de la Recherche Scientifique
company_centre_de_recherches_du_service_de_sante_des_armees_crssa,Centre de Recherches du Service de Sante des Armees (CRSSA)
company_etat-francais_repr_sent_par_le_d_l_gu_g_n_ral_pour_l_armement,Etat-Francais Représenté Par Le Délégué Général Pour L'Armement
company_universit_de_strasbourg,Université de Strasbourg
company_galimedix_therapeutics_inc,Galimedix Therapeutics Inc
company_baylor_college_of_medicine,Baylor College of Medicine
company_shanghai_institute_of_pharmaceutical_industry,Shanghai Institute of Pharmaceutical Industry
company_shanghai_zhongze_therapeutics_co_ltd,Shanghai Zhongze Therapeutics Co Ltd
company_sanofi_sa,Sanofi SA
company_keio_university,Keio University
company_catholic_university_of_korea,Catholic University of Korea
company_yumanity_therapeutics,Yumanity Therapeutics
company_autobahn_therapeutics,Autobahn Therapeutics
company_curasen_therapeutics_inc,CuraSen Therapeutics Inc
company_roche_innovation_center_copenhagen_a_s,Roche Innovation Center Copenhagen A/S
company_delix_therapeutics_inc,Delix Therapeutics Inc
company_novartis_ag,Novartis AG
company_massachusetts_institute_of_technology,Massachusetts Institute of Technology
company_mount_sinai_medical_center,Mount Sinai Medical Center
company_blacksmith_medicines_inc,Blacksmith Medicines Inc
company_eleusis_therapeutics_us_inc,Eleusis Therapeutics US Inc
company_apeejay_stya_university,Apeejay Stya University
company_university_of_tennessee,University of Tennessee
company_ac_immune_sa,AC Immune SA
company_individual,Individual
company_intra-cellular_therapies_inc,Intra-Cellular Therapies Inc
company_beijing_greatway_pharmaceutical_technology_co_ltd,Beijing Greatway Pharmaceutical Technology Co Ltd
company_neusco_biotech_ltd,Neusco Biotech Ltd
company_takeda_pharmaceutical_co_ltd,Takeda Pharmaceutical Co Ltd
company_merck_sharp_dohme_corp,Merck Sharp & Dohme Corp
company_city_university_of_hong_kong,City University of Hong Kong
company_shy_therapeutics_llc,Shy Therapeutics Llc
company_korea_institute_of_science_and_technology,Korea Institute of Science and Technology
company_alzmed_inc,Alzmed Inc
company_spirify_pharma_inc,Spirify Pharma Inc
company_aarhus_university,Aarhus University
company_jiangsu_hengrui_medicine_co_ltd,Jiangsu Hengrui Medicine Co Ltd
company_shanghai_hengrui_pharmaceutical_co_ltd,Shanghai Hengrui Pharmaceutical Co Ltd
company_kyungpook_national_university,Kyungpook National University
company_miraebiopharm,Miraebiopharm
company_topadur_pharma_ag,Topadur Pharma AG
company_prosetta_biosciences_inc,Prosetta Biosciences Inc
company_crescenta_biosciences,Crescenta Biosciences
company_mount_sinai_school_of_medicine,Mount Sinai School of Medicine
company_kallyope_inc,Kallyope Inc
company_sage_therapeutics_inc,Sage Therapeutics Inc
company_corcept_therapeutics_inc,Corcept Therapeutics Inc
company_alchemedicine_inc,Alchemedicine Inc
company_university_of_bath,University of Bath
company_universite_de_franche-comte,Universite De Franche-Comte
company_universite_de_limoges,Universite de Limoges
company_red_bull_gmbh,Red Bull Gmbh
company_guangzhou_hengnuokang_pharmaceutical_technology_co_ltd,Guangzhou Hengnuokang Pharmaceutical Technology Co Ltd
company_guangzhou_henovcom_bioscience_co_ltd,Guangzhou Henovcom Bioscience Co Ltd
company_pharmaxis_ltd,Pharmaxis Ltd
company_abm_therapeutics_corp,Abm Therapeutics Corp
company_teva_pharmaceuticals_international_gmbh,Teva Pharmaceuticals International Gmbh
company_teva_pharmaceuticals_usa_inc,Teva Pharmaceuticals USA Inc
company_biogen_ma_inc,Biogen MA Inc
company_zhimeng_biopharma,ZhiMeng Biopharma
company_gempharmatech_co_ltd,Gempharmatech Co Ltd
company_so_young_life_sciences_corp,So Young Life Sciences Corp
company_jiangsu_hansoh_pharmaceutical_group_co_ltd,Jiangsu Hansoh Pharmaceutical Group Co Ltd
company_shanghai_hansoh_biomedical_co_ltd,Shanghai Hansoh Biomedical Co Ltd
company_f_hoffmann-la_roche_ag,F Hoffmann-La Roche AG
company_hoffmann-la_roche_inc,Hoffmann-La Roche Inc
company_denali_therapeutics_inc,Denali Therapeutics Inc
company_minerva_neurosciences_inc,Minerva Neurosciences Inc
company_michigan_state_university,Michigan State University
company_stanford_university,Stanford University
company_guangdong_hec_pharmaceutical_co_ltd,Guangdong HEC Pharmaceutical Co Ltd
company_tactogen_inc,Tactogen Inc
company_boehringer_ingelheim_international_gmbh,Boehringer Ingelheim International GmbH
company_university_of_arizona,University of Arizona
company_mercer_university,Mercer University
company_kanaph_therapeutics_inc,Kanaph Therapeutics Inc
company_korea_research_institute_of_chemical_technology,Korea Research Institute of Chemical Technology
company_bioradical_research_institute_corp,Bioradical Research Institute Corp
company_1st_bio_therapeutics_inc,1ST Bio Therapeutics Inc
company_cybin_irl_ltd,Cybin Irl Ltd
company_peking_university,Peking University
company_dewpoint_therapeutics_inc,Dewpoint Therapeutics Inc
company_fibrogen_inc,FibroGen Inc
company_shiga_university_of_medical_science,Shiga University of Medical Science
company_quretech_bio_ab,Quretech Bio Ab
company_f_hoffmann-la_roche_ltd,F Hoffmann-La Roche Ltd
company_shanghai_bozhi_research_of_new_drugs_technology_co_ltd,Shanghai Bozhi Research Of New Drugs Technology Co Ltd
company_abbisko_therapeutics_co_ltd,Abbisko Therapeutics Co Ltd
company_shenzhen_ruijian_bioscience_technology_ltd_co,Shenzhen Ruijian Bioscience Technology Ltd Co
company_university_of_southern_california,University of Southern California
company_teon_therapeutics_inc,Teon Therapeutics Inc
company_florida_international_university,Florida International University
company_national_institutes_of_health,National Institutes of Health
company_heptares_therapeutics_ltd,Heptares Therapeutics Ltd
company_janssen_pharmaceutica_nv,Janssen Pharmaceutica NV
company_landos_biopharma_inc,Landos Biopharma Inc
company_carna_biosciences_inc,Carna Biosciences Inc
company_sumitomo_dainippon_pharma_co_ltd,Sumitomo Dainippon Pharma Co Ltd
company_istituto_europeo_di_oncologia_srl,Istituto Europeo di Oncologia SrL
company_istituto_firc_di_oncologia_molecolare,Istituto FIRC di Oncologia Molecolare
company_universita_degli_studi_di_milano,Universita degli Studi di Milano
company_hutchison_medipharma_enterprises_ltd,Hutchison Medipharma Enterprises Ltd
company_nura_bio_inc,Nura Bio Inc
company_snu_r_db_foundation,SNU R & DB Foundation
company_raqualia_pharma_inc,RaQualia Pharma Inc
company_neuropore_therapies_inc,Neuropore Therapies Inc
company_daegu_gyeongbuk_institute_of_science_technology,Daegu Gyeongbuk Institute Of Science & Technology
company_gachon_university_gil_medical_center,Gachon University Gil Medical Center
company_kyoto_university,Kyoto University
company_ermium_therapeutics_sas,Ermium Therapeutics SAS
company_universit_de_paris,Université De Paris
company_genfleet_therapeutics,GenFleet Therapeutics
company_zhejiang_genfleet_therapeutics_co_ltd,Zhejiang Genfleet Therapeutics Co Ltd
company_unixell_biotechnology,Unixell Biotechnology
company_chungbuk_national_university_industry-academic_cooperation_foundation,Chungbuk National University Industry-Academic Cooperation Foundation
company_cng_bio_co_ltd,Cng Bio Co Ltd
company_gachon_university_of_industry-academic_cooperation_foundation,Gachon University Of Industry-Academic Cooperation Foundation
company_china_hinye_pharmaceutical_co_ltd,China Hinye Pharmaceutical Co Ltd
company_university_of_alberta,University of Alberta
company_bristol-myers_squibb_co,Bristol-Myers Squibb Co
company_vistagen_therapeutics_inc,VistaGen Therapeutics Inc
company_ohio_state_innovation_foundation,Ohio State Innovation Foundation
company_reaction_biology_corp,Reaction Biology Corp
company_johns_hopkins_university,Johns Hopkins University
company_animuscure_co_ltd,Animuscure Co Ltd
company_university_college_cardiff_consultants_ltd,University College Cardiff Consultants Ltd
company_texas_a_m_university_system,Texas A&M University System
company_lysoway_therapeutics_inc,Lysoway Therapeutics Inc
company_curome_biosciences_co_ltd,Curome Biosciences Co Ltd
company_kures_inc,Kures Inc
company_european_molecular_biology_laboratory,European Molecular Biology Laboratory
company_broad_institute_inc,Broad Institute Inc
company_harvard_university,Harvard University
company_yale_university,Yale University
company_gen1e_lifesciences_inc,GEn1E Lifesciences Inc
company_pelagos_pharmaceuticals_inc,Pelagos Pharmaceuticals Inc
company_st_louis_university,St Louis University
company_auburn_university,Auburn University
company_korea_basic_science_institute,Korea Basic Science Institute
company_praxis_precision_medicines_inc,Praxis Precision Medicines Inc
company_trevena_inc,Trevena Inc
company_chong_kun_dang_pharmaceutical_corp,Chong Kun Dang Pharmaceutical Corp
company_syndesi_therapeutics_nv,Syndesi Therapeutics NV
company_armgo_pharma_inc,Armgo Pharma Inc
company_arisan_therapeutics_inc,Arisan Therapeutics Inc
company_medifron_dbt_inc,Medifron Dbt Inc
company_sogang_university,Sogang University
company_voronoi,Voronoi
company_medimmune_ltd,MedImmune Ltd
company_lian_v_nantong_co_ltd,Lian V Nantong Co Ltd
company_shanghai_institute_of_materia_medica_of_the_chinese_academy_of_sciences,Shanghai Institute of Materia Medica of the Chinese Academy of Sciences
company_topharman_shanghai_co_ltd,Topharman Shanghai Co Ltd
company_shape_therapeutics_inc,Shape Therapeutics Inc
company_sungkyunkwan_university,Sungkyunkwan University
company_osaka_university,Osaka University
company_abbvie_deutschland_gmbh_co_kg,AbbVie Deutschland GmbH & Co KG
company_university_of_tokyo,University of Tokyo
company_taisho_pharmaceutical_co_ltd,Taisho Pharmaceutical Co Ltd
company_jiangxi_jimin_kexin_pharmaceutical_co_ltd,Jiangxi Jimin Kexin Pharmaceutical Co Ltd
company_shanghai_jemincare_pharmaceuticals_co_ltd,Shanghai Jemincare Pharmaceuticals Co Ltd
company_scimount_biotechnology_shenzhen_co_ltd,SciMount Biotechnology (Shenzhen) Co Ltd
company_national_institute_of_immunology,National Institute of Immunology
company_arkuda_therapeutics,Arkuda Therapeutics
company_the_lieber_institute_for_brain_development,The Lieber Institute For Brain Development
company_ucb_biopharma_sprl,UCB Biopharma SPRL
company_palacky_university,Palacky University
company_celgene_corporation,Celgene Corporation
company_university_of_texas_system,University of Texas System
company_yokohama_city_university,Yokohama City University
company_satake_multimix_corp,Satake Multimix Corp
company_kyung_hee_university_industry-academic_cooperation_foundation,Kyung Hee University Industry-Academic Cooperation Foundation
company_nalu_bio_inc,Nalu Bio Inc
company_new_atlas_biotechnologies_llc,New Atlas Biotechnologies LLC
company_scripps_research_institute,Scripps Research Institute
company_vova_ida_therapeutics_inc,Vova Ida Therapeutics Inc
company_ifm_due,IFM Due
company_jackson_laboratory,Jackson Laboratory
company_good_t_cells_inc,Good T Cells Inc
company_h_lundbeck_a_s,H Lundbeck A/S
company_gritscience_biopharmaceuticals_co_ltd,Gritscience Biopharmaceuticals Co Ltd
company_shenzhen_institute_of_advanced_technology,Shenzhen Institute Of Advanced Technology
company_university_of_sydney,University of Sydney
company_texas_tech_university,Texas Tech University
company_crystal_pharmatech_co_ltd,Crystal Pharmatech Co Ltd
company_university_of_science_technology_of_china,University of Science & Technology of China
company_university_of_manitoba,University of Manitoba
company_jiangsu_nuo-beta_pharmaceutical_technology_co_ltd,Jiangsu Nuo-Beta Pharmaceutical Technology Co Ltd
company_sunshine_lake_pharma,Sunshine Lake Pharma
company_dongguk_university,Dongguk University
company_shionogi_co_ltd,Shionogi & Co Ltd
company_the_general_hospital_corporation,The General Hospital Corporation
company_huscion_co_ltd,Huscion Co Ltd
company_alpha_cognition_inc,Alpha Cognition Inc
company_georgetown_university,Georgetown University
company_escape_bio_inc,ESCAPE Bio Inc
company_beckley_psytech,Beckley Psytech
company_national_institutes_of_pharmaceutical_research_development,National Institutes of Pharmaceutical Research & Development
company_tufts_university,Tufts University
company_medshine_discovery_inc,Medshine Discovery Inc
company_bar_ilan_university,Bar Ilan University
company_cedilla_therapeutics_inc,Cedilla Therapeutics Inc
company_shanghai_haiyan_pharmaceutical_technology_co_ltd,Shanghai Haiyan Pharmaceutical Technology Co Ltd
company_yangtze_river_pharmaceutical_group,Yangtze River Pharmaceutical Group
company_center_for_excellence_in_molecular_cell_science_chinese_academy_of_sciences,Center For Excellence In Molecular Cell Science Chinese Academy Of Sciences
company_shanghai_institute_of_technology,Shanghai Institute of Technology
company_biosynth_ag,Biosynth Ag
company_shanxi_medical_university,Shanxi Medical University
company_czech_national_institute_of_mental_health,Czech National Institute of Mental Health
company_fakutn_nemocnice_hradec_kr_lov,Fakutní Nemocnice Hradec Králové
company_fyziologicky_ustav_akademie_ved_cr_vvi,Fyziologicky Ustav Akademie Ved Cr Vvi
company_institute_of_experimental_medicine_as_cr_v_v_i,Institute of Experimental Medicine AS CR v.v.i.
company_columbia_university,Columbia University
company_high_point_university,High Point University
company_mitobridge_inc,Mitobridge Inc
company_marvel_biotechnology_inc,Marvel Biotechnology Inc
company_aliad_biopharma_co_ltd,Aliad Biopharma Co Ltd
company_state_university_of_new_york,State University of New York
company_recovery_therapeutics_inc,Recovery Therapeutics Inc
company_shanghai_institute_of_organic_chemistry,Shanghai Institute of Organic Chemistry
company_zai_lab_ltd,Zai Lab Ltd
company_avva_pharmaceuticals_ltd,AVVA Pharmaceuticals Ltd
company_whanin_pharmaceutical_co_ltd,WhanIn Pharmaceutical Co Ltd
company_aluda_pharmaceuticals_inc,Aluda Pharmaceuticals Inc
company_luoda_biosciences_inc,Luoda Biosciences Inc
company_aptabio_therapeutics_inc,Aptabio Therapeutics Inc
company_biohaven_pharmaceutical_holding_co_ltd,Biohaven Pharmaceutical Holding Co Ltd
company_vincere_biosciences_inc,Vincere Biosciences Inc
company_university_of_north_texas,University of North Texas
company_akershus_university_hospital,Akershus University Hospital
company_zhejiang_university,Zhejiang University
company_jinan_university_guangdong,Jinan University (Guangdong)
company_us_department_of_veterans_affairs,US Department of Veterans Affairs
company_brigham_women_s_hospital_inc,Brigham & Women's Hospital Inc
company_rti_international,RTI International
company_dongguan_hec_cordyceps_r_d_co_ltd,Dongguan Hec Cordyceps R&D Co Ltd
company_mindset_pharma_inc,Mindset Pharma Inc
company_university_of_pittsburgh,University of Pittsburgh
company_cadent_therapeutics_inc,Cadent Therapeutics Inc
company_halia_therapeutics_inc,Halia Therapeutics Inc
company_arizona_state_university,Arizona State University
company_mitochondria_emotion_inc,Mitochondria Emotion Inc
company_neurocrine_biosciences_inc,Neurocrine Biosciences Inc
company_standigm,Standigm
company_bertis_co_ltd,Bertis Co Ltd
company_korea_university_foundation,Korea University Foundation
company_yuhan_corporation,Yuhan Corporation
company_brown_university,Brown University
company_university_of_michigan,University of Michigan
company_university_of_illinois,University of Illinois
company_rapt_therapeutics_inc,RAPT Therapeutics Inc
company_merck_co_inc,Merck & Co Inc
company_hk_inno_n_corp,HK inno.N Corp
company_md_biolab_co_ltd,MD Biolab Co Ltd
company_leitat_technological_center,LEITAT Technological Center
company_sironax_ltd,Sironax Ltd
company_biofront_ltd,Biofront Ltd
company_tohoku_university,Tohoku University
company_kalvista_pharmaceuticals_ltd_pre-merger,KalVista Pharmaceuticals Ltd (Pre-merger)
company_fujifilm_holdings_corp,FUJIFILM Holdings Corp
company_altos_labs_inc,Altos Labs Inc
company_shujing_biopharma_co_ltd,Shujing Biopharma Co Ltd
company_blue_oak_pharmaceuticals_inc,Blue Oak Pharmaceuticals Inc
company_morinaga_milk_industry_co_ltd,Morinaga Milk Industry Co Ltd
company_gilgamesh_pharmaceuticals_inc,Gilgamesh Pharmaceuticals Inc
company_fujifilm_cellular_dynamics_inc,Fujifilm Cellular Dynamics Inc
company_diamond_therapeutics_inc,Diamond Therapeutics Inc
company_lophora_aps,Lophora ApS
company_2n_pharma_aps,2N Pharma ApS
company_arcus_biosciences_inc,Arcus Biosciences Inc
company_cornell_university,Cornell University
company_dana-farber_cancer_institute_inc,Dana-Farber Cancer Institute Inc
company_remedy_plan_therapeutics,Remedy Plan Therapeutics
company_medical_college_of_wisconsin,Medical College of Wisconsin
company_saint_joseph_s_university,Saint Joseph's University
company_university_of_south_carolina,University of South Carolina
company_o-force_co_ltd,O-Force Co Ltd
company_chengdu_baiyu_pharmaceutical_co_ltd,Chengdu Baiyu Pharmaceutical Co Ltd
company_opna_bio_ag,Opna Bio AG
company_ocean_university_of_china,Ocean University of China
company_de_shaw_research,DE Shaw Research
company_atai_life_sciences_ag,ATAI Life Sciences AG
company_regain_therapeutics_sweden_ab,Regain Therapeutics Sweden Ab
company_bright_minds_biosciences_inc,Bright Minds Biosciences Inc
company_ucl_business_plc,UCL Business PLC
company_tasly_pharmaceutical_group_co_ltd,Tasly Pharmaceutical Group Co Ltd
company_shanghai_raising_pharmaceutical_co_ltd,Shanghai Raising Pharmaceutical Co Ltd
company_sun_yat-sen_university,Sun Yat-Sen University
company_rome_therapeutics_inc,ROME Therapeutics Inc
company_universita_degli_studi_di_napoli_federico_ii,Universita degli Studi di Napoli Federico II
company_sitryx_therapeutics_ltd,Sitryx Therapeutics Ltd
company_insilico_medicine_hong_kong_ltd,Insilico Medicine Hong Kong Ltd
company_wuhan_iregene_pharmaceutical_technology_co_ltd,Wuhan iRegene Pharmaceutical Technology Co Ltd
company_acer_therapeutics_inc,Acer Therapeutics Inc
company_4e_therapeutics_inc,4E Therapeutics Inc
company_zomagen_biosciences_ltd,Zomagen Biosciences Ltd
company_insightec_ltd,InSightec Ltd
company_kintsugi_therapeutics_sl,Kintsugi Therapeutics SL
company_eth_z_rich,ETH Zürich
company_zedira_gmbh,Zedira GmbH
company_sichuan_university,Sichuan University
company_northwestern_university,Northwestern University
company_northeastern_university,Northeastern University
company_genentech_inc,Genentech Inc
company_acadia_pharmaceuticals_inc,Acadia Pharmaceuticals Inc
company_fudan_university,Fudan University
company_louisiana_state_agricultural_mechanical_college,Louisiana State & Agricultural & Mechanical College
company_ptc_therapeutics_inc,PTC Therapeutics Inc
company_university_of_connecticut,University of Connecticut
company_sumitomo_pharma_co_ltd,Sumitomo Pharma Co Ltd
company_university_of_limerick,University Of Limerick
company_deutsches_zentrum_f_r_neurodegenerative_erkrankungen,Deutsches Zentrum für Neurodegenerative Erkrankungen
company_theranocure_co_ltd,Theranocure Co Ltd
company_shimadzu_corp,Shimadzu Corp
company_jiangsu_zhengda_fenghai_pharmaceutical_co_ltd,Jiangsu Zhengda Fenghai Pharmaceutical Co Ltd
company_otsuka_pharmaceutical_co_ltd,Otsuka Pharmaceutical Co Ltd
company_tsinghua_university,Tsinghua University
company_yichang_humanwell_pharmaceutical_co_ltd,Yichang Humanwell Pharmaceutical Co Ltd
company_university_of_north_carolina_greensboro,University of North Carolina Greensboro
company_jiangsu_nhwa_pharmaceutical_co_ltd,Jiangsu Nhwa Pharmaceutical Co Ltd
company_mydecine_llc,Mydecine LLC
company_ku_leuven_r_d,KU Leuven R&D
company_vlaams_instituut_voor_biotechnologie_vzw,Vlaams Instituut voor Biotechnologie VZW
company_vrije_universiteit_brussel,Vrije Universiteit Brussel
company_shanghai_simr_biotech_co_ltd,Shanghai SIMR Biotech Co Ltd
company_shanghai_simrd_biotech_co_ltd,Shanghai SIMRD Biotech Co Ltd
company_mitokinin_inc,Mitokinin Inc
company_university_of_mississippi,University of Mississippi
company_industry-university_cooperation_foundation_hanyang_university,Industry-University Cooperation Foundation Hanyang University
company_university_of_maryland_baltimore,University Of Maryland Baltimore
company_pic_therapeutics,Pic Therapeutics
company_alexander_shulgin_research_institute,Alexander Shulgin Research Institute
company_galyan_bio_inc,GALYAN BIO INC
company_ecole_nationale_superieure_de_chimie_de_montpellier,Ecole Nationale Superieure de Chimie de Montpellier
company_mt-act_sas,MT-act SAS
company_universit_de_montpellier,Université de Montpellier
company_hangzhou_healzen_therapeutics_co_ltd,Hangzhou Healzen Therapeutics Co Ltd
company_hangzhou_hertz_pharmaceutical_co_ltd,Hangzhou Hertz Pharmaceutical Co Ltd
company_artivila_therapeutics_shenzhen_co_ltd,Artivila Therapeutics (Shenzhen) Co Ltd
company_chirogate_international_inc,Chirogate International Inc
company_terran_biosciences,Terran Biosciences
company_sanofi_genzyme,Sanofi Genzyme
company_remix_therapeutics,Remix Therapeutics
company_university_of_wisconsin-madison,University of Wisconsin-Madison
company_cerespir_inc,CereSpir Inc
company_japan_tobacco_inc,Japan Tobacco Inc
company_pfizer_inc,Pfizer Inc
company_axxam_spa,Axxam SpA
company_insusense_aps,Insusense Aps
company_zhejiang_wenda_pharma_technology_ltd,Zhejiang Wenda Pharma Technology Ltd
company_st_andrews_university,St Andrews University
company_academia_sinica,Academia Sinica
company_chang_gung_memorial_hospital,Chang Gung Memorial Hospital
company_taipei_veterans_general_hospital,Taipei Veterans General Hospital
company_centre_for_addiction_and_mental_health,Centre for Addiction and Mental Health
company_uwm_research_foundation_inc,UWM Research Foundation Inc
company_gismo_therapeutics_inc,Gismo Therapeutics Inc
company_chonbuk_national_university,Chonbuk National University
company_chonbuk_national_university_industry_cooperation_foundation,Chonbuk National University Industry Cooperation Foundation
company_chonnam_national_university,Chonnam National University
company_konkuk_university,Konkuk University
company_neuroventi,Neuroventi
company_fundaci_n_para_la_investigaci_n_biom_dica_del_hospital_de_la_princesa,Fundación Para La Investigación Biomédica Del Hospital De La Princesa
company_spanish_national_research_council,Spanish National Research Council
company_johannes_gutenberg_universitat_mainz,Johannes Gutenberg Universitat Mainz
company_universit_tsmedizin_der_johannes_gutenberg-universit_t_mainz,Universitätsmedizin der Johannes Gutenberg-Universität Mainz
company_suzhou_kintor_pharmaceuticals_inc,Suzhou Kintor Pharmaceuticals Inc
company_3+2_pharma,3+2 Pharma
company_duke_university,Duke University
company_leibniz_institute_for_natural_product_research_and_infection_biology_ev_-_hans-kn_ll-institute,Leibniz Institute for Natural Product Research and Infection Biology eV - Hans-Knöll-Institute
company_university_of_cologne,University of Cologne
company_university_of_munster,University of Munster
company_vifor_international_sa,Vifor (International) SA
company_royal_college_of_surgeons_in_ireland,Royal College of Surgeons in Ireland
company_china_pharmaceutical_university,China Pharmaceutical University
company_university_of_utah,University of Utah
company_viva_star_biosciences_suzhou_co_ltd,Viva Star Biosciences (Suzhou) Co Ltd
company_humanwell_healthcare_group_co_ltd,Humanwell Healthcare (Group) Co Ltd
company_wuhan_humanwell_innovative_drug_research_development_center_ltd_co,Wuhan Humanwell Innovative Drug Research & Development Center Ltd Co
company_university_of_florida,University of Florida
company_ramot_at_tel_aviv_university_ltd,Ramot at Tel Aviv University Ltd
company_the_university_of_hong_kong,The University of Hong Kong
company_university_of_missouri,University of Missouri
company_biosplice_therapeutics_inc,Biosplice Therapeutics Inc
company_perception_neuroscience_llc,Perception Neuroscience LLC
company_hua_medicine,Hua Medicine
company_shouyao_holdings_beijing_co_ltd,Shouyao Holdings (Beijing) Co Ltd
company_nanjing_minova_pharmaceutical_co_ltd,Nanjing Minova Pharmaceutical Co Ltd
company_aquinnah_pharmaceuticals_inc,Aquinnah Pharmaceuticals Inc
company_university_of_vermont,University of Vermont
company_arena_pharmaceuticals_inc,Arena Pharmaceuticals Inc
company_psilosterics_llc,PsiloSterics LLC
company_tme_therapeutics_llc,TME Therapeutics LLC
company_consejo_superior_de_investigaciones_cientificas,Consejo Superior de Investigaciones Cientificas
company_universidad_autonoma_de_madrid,Universidad Autonoma de Madrid
company_university_of_southern_denmark,University of Southern Denmark
company_gedeon_richter_ltd,Gedeon Richter Ltd
company_zhejiang_aixplorer_biotech_co_ltd,Zhejiang AIxplorer Biotech Co Ltd
company_ricoh_co_ltd,Ricoh Co Ltd
company_xuzhou_medical_university,Xuzhou Medical University
company_sensorium_therapeutics_inc,Sensorium Therapeutics Inc
company_napo_pharmaceuticals_inc,Napo Pharmaceuticals Inc
company_korea_ocean_research_development_institute,Korea Ocean Research & Development Institute
company_vernalis_r_d_ltd,Vernalis (R&D) Ltd
company_reunion_neuroscience_inc,Reunion Neuroscience Inc
company_china-japan_friendship_hospital_china-japan_friendship_clinical_medical_research_institute,China-Japan Friendship Hospital (China-Japan Friendship Clinical Medical Research Institute)
company_frequency_therapeutics_inc,Frequency Therapeutics Inc
company_ventus_therapeutics_us_inc,Ventus Therapeutics US Inc
company_valo_health_llc,Valo Health LLC
company_chongqing_fochon_pharmaceuticals_co_ltd,Chongqing Fochon Pharmaceuticals Co Ltd
company_chapman_university,Chapman University
company_rgenta_therapeutics,Rgenta Therapeutics
company_mayo_clinic_foundation,Mayo Clinic Foundation
company_icagen_inc,Icagen Inc
company_chdi_foundation_inc,CHDI Foundation Inc
company_korea_university_research_business_foundation_sejong_campus,Korea University Research & Business Foundation Sejong Campus
company_knu-industry_cooperation_foundation,KNU-Industry Cooperation Foundation
company_inserm,INSERM
company_samsara_therapeutics_inc,Samsara Therapeutics Inc
company_sorbonne_university,Sorbonne University
company_universit_de_paris_cit,Université de Paris Cité
company_wuhan_zhongcheng_health_bio-pharm_technology_co_ltd,Wuhan Zhongcheng Health Bio-Pharm Technology Co Ltd
company_vigil_neuroscience_inc,Vigil Neuroscience Inc
company_atlee_biotech_inc,Atlee Biotech Inc
company_jichi_medical_university,Jichi Medical University
company_cerevance_inc,Cerevance Inc
company_nimml_institute,NIMML Institute
company_tiaki_therapeutics_inc,Tiaki Therapeutics Inc
company_janssen_biotech_inc,Janssen Biotech Inc
company_medoncare_pharmaceutical_co_ltd,Medoncare Pharmaceutical Co Ltd
company_engrail_therapeutics_inc,Engrail Therapeutics Inc
company_nippon_shinyaku_co_ltd,Nippon Shinyaku Co Ltd
company_shanghai_meiyue_biotech_development_co_ltd,Shanghai MeiYue Biotech Development Co Ltd
company_shanghai_jingxin_biopharmaceutical_co_ltd,Shanghai Jingxin Biopharmaceutical Co Ltd
company_zhejiang_jingxin_pharmaceutical_co_ltd,Zhejiang Jingxin Pharmaceutical Co Ltd
company_reset_pharmaceuticals_inc,Reset Pharmaceuticals Inc
company_sanford-burnham_medical_research_institute,Sanford-Burnham Medical Research Institute
company_jnana_therapeutics_inc,Jnana Therapeutics Inc
company_galecto_biotech_ab,Galecto Biotech AB
company_psylo_pty_ltd,Psylo Pty Ltd
company_daegu-gyeongbuk_medical_innovation_foundation,Daegu-Gyeongbuk Medical Innovation Foundation
company_cereno_scientific_ab,Cereno Scientific AB
company_enterin_inc,Enterin Inc
company_tessellate_therapeutics_inc,Tessellate Therapeutics Inc
company_onsero_therapeutics_inc,Onsero Therapeutics Inc
company_changzhou_hengbang_pharmaceutical_co_ltd,Changzhou Hengbang Pharmaceutical Co Ltd
company_annexon_inc,Annexon Inc
company_suven_life_sciences_ltd,Suven Life Sciences Ltd
company_dorphan_sa,Dorphan SA
company_wuhan_humanwell_innovative_drug_research_development_center_co_ltd,Wuhan Humanwell Innovative Drug Research & Development Center Co Ltd
company_center_for_excellence_in_molecular_cell_science_of_chinese_academy_of_sciences,Center for Excellence in Molecular Cell Science of Chinese Academy of Sciences
company_biohaven_therapeutics_ltd,Biohaven Therapeutics Ltd
company_beijing_scitech-mq_pharmaceuticals_ltd,Beijing Scitech-MQ Pharmaceuticals Ltd
company_miralogx_llc,Miralogx LLC
company_eikonizo_therapeutics_inc,Eikonizo Therapeutics Inc
company_metrochem_api_pvt_ltd,Metrochem API Pvt Ltd
company_inversago_pharma_inc,Inversago Pharma Inc
company_nanopharmaceutics_inc,Nanopharmaceutics Inc
company_genhealth_pharma_co_ltd,Genhealth Pharma Co Ltd
company_foresee_pharmaceuticals_co_ltd,Foresee Pharmaceuticals Co Ltd
company_lucy_therapeutics_inc,Lucy Therapeutics Inc
company_university_of_minnesota,University of Minnesota
company_university_of_regensburg,University of Regensburg
company_teva_czech_industries_sro,Teva Czech Industries Sro
company_celros_biotech_co_ltd,Celros Biotech Co Ltd
company_aevisbio_inc,AevisBio Inc
company_eisai_co_ltd,Eisai Co Ltd
company_national_institutes_for_quantum_and_radiological_science_and_technology,National Institutes for Quantum and Radiological Science and Technology
company_shanghai_bocimed_pharmaceutical_co_ltd,Shanghai BociMed Pharmaceutical Co Ltd
company_merck_sharp_dohme_llc,Merck Sharp & Dohme LLC
company_teijin_pharma_ltd,Teijin Pharma Ltd
company_jubilant_epicore_llc,Jubilant Epicore LLC
company_janssen_pharmaceuticals_inc,Janssen Pharmaceuticals Inc
company_guangzhou_lianrui_pharmaceutical_co_ltd,Guangzhou Lianrui Pharmaceutical Co Ltd
company_guangzhou_runlin_pharmaceutical_technology_co_ltd,Guangzhou Runlin Pharmaceutical Technology Co Ltd
company_yipinhong_pharmacy_co_ltd,Yipinhong Pharmacy Co Ltd
company_shanghai_aryl_pharmtech_co_ltd,Shanghai Aryl Pharmtech Co Ltd
company_zhejiang_hisun_pharmaceutical_co_ltd,Zhejiang Hisun Pharmaceutical Co Ltd
company_jawaharlal_nehru_centre_for_advanced_scientific_research,Jawaharlal Nehru Centre For Advanced Scientific Research
company_shanghai_zhigen_pharmaceutical_technology_co_ltd,Shanghai Zhigen Pharmaceutical Technology Co Ltd
company_hangzhou_bio-sincerity_pharma-tech_co_ltd,Hangzhou Bio-sincerity Pharma-tech Co Ltd
company_apm_therapeutics_1_inc,APM Therapeutics 1 Inc
company_allyx_therapeutics_inc,Allyx Therapeutics Inc
company_alexion_pharmaceuticals_inc,Alexion Pharmaceuticals Inc
company_plethora_therapeutics_bv,Plethora Therapeutics BV
company_neuroderm_ltd,NeuroDerm Ltd
company_eurofarma,Eurofarma
company_isosterix_inc,Isosterix Inc
company_bnh_research_co_ltd,BNH Research Co Ltd
company_gh_research_ltd,GH Research Ltd
company_qurient_therapeutics,Qurient Therapeutics
company_suzhou_vigonvita_life_sciences_co_ltd,Suzhou Vigonvita Life Sciences Co Ltd
company_suzhou_wsws_biological_pharmaceutical_co_ltd,Suzhou WSWS Biological Pharmaceutical Co Ltd
company_nuvalent_inc,Nuvalent Inc
company_wmt_ag,WMT AG
company_invizyne_technologies_inc,Invizyne Technologies Inc
company_asteroid_therapeutics_inc,Asteroid Therapeutics Inc
company_nuevolution_a_s,Nuevolution A/S
company_university_of_washington,University of Washington
company_virginia_commonwealth_university,Virginia Commonwealth University
company_iridea_srl,Iridea Srl
company_fundamental_pharma_gmbh,Fundamental Pharma GmbH
company_cerevance_ltd,Cerevance Ltd
company_helmholtz_zentrum_dresden_rossendorf,Helmholtz Zentrum Dresden Rossendorf
company_irlab_therapeutics_ab,IRLAB Therapeutics AB
company_the_university_health_network,The University Health Network
company_universidad_camilo_jose_cela,Universidad Camilo Jose Cela
company_university_of_ljubljana,University Of Ljubljana
company_acurastem_inc,AcuraStem Inc
company_alt_medical_co_ltd,Alt Medical Co Ltd
company_dong-a_university,Dong-A University
company_korea_research_institute_of_bioscience_and_biotechnology,Korea Research Institute of Bioscience and Biotechnology
company_equinorm_ltd,Equinorm Ltd
company_galapagos_nv,Galapagos NV
company_university_of_cincinnati,University of Cincinnati
company_interline_therapeutics_inc,Interline Therapeutics Inc
company_industry_academic_cooperation_foundation_sookmyung_women_s_university,Industry Academic Cooperation Foundation Sookmyung Women's University
company_clearsynth_labs_ltd,Clearsynth Labs Ltd
company_idorsia_pharmaceuticals_ltd,Idorsia Pharmaceuticals Ltd
company_fochon_biosciences_ltd,Fochon Biosciences Ltd
company_zincure_corp,Zincure Corp
company_checkmate_therapeutics_inc,Checkmate Therapeutics Inc
company_yonsei_university,Yonsei University
company_yonsei_university_industry-academic_cooperation_foundation,Yonsei University Industry-Academic Cooperation Foundation
company_the_university_of_notre_dame_du_lac,The University of Notre Dame du Lac
company_sionna_therapeutics_inc,Sionna Therapeutics Inc
company_shandong_luye_pharmaceutical_co_ltd,Shandong Luye Pharmaceutical Co Ltd
company_biocells_beijing_biotech_co_ltd,Biocells (Beijing) Biotech Co Ltd
company_dizal_jiangsu_pharmaceutical_co_ltd,Dizal (Jiangsu) Pharmaceutical Co Ltd
company_design_therapeutics_inc,Design Therapeutics Inc
company_akthelia_pharmaceuticals,Akthelia Pharmaceuticals
company_myrobalan_therapeutics_inc,Myrobalan Therapeutics Inc
company_myrobalan_therapeutics_nanjing_co_ltd,Myrobalan Therapeutics Nanjing Co Ltd
company_hefei_amvite_pharmaceutical_co_ltd,Hefei Amvite Pharmaceutical Co Ltd
company_hefei_industrial_pharmaceutical_institute_co_ltd,Hefei Industrial Pharmaceutical Institute Co Ltd
company_nanjing_technology_institute_of_pharmaceutical_industry_co_ltd,Nanjing Technology Institute of Pharmaceutical Industry Co Ltd
company_university_of_dundee,University of Dundee
company_asha_therapeutics_llc,Asha Therapeutics LLC
company_ucl_business_ltd,UCL Business Ltd
company_university_of_ottawa,University of Ottawa
company_nanjing_medical_university,Nanjing Medical University
company_suzhou_new_district_huashida_engineering_plastics_co_ltd,Suzhou New District Huashida Engineering Plastics Co Ltd
company_suzhou_zhongke_new_drug_incubator_biomedical_technology_co_ltd,Suzhou Zhongke New Drug Incubator Biomedical Technology Co Ltd
company_xavier_university_of_louisiana,Xavier University of Louisiana
company_libra_therapeutics,Libra Therapeutics
company_kodiak_sciences_inc,Kodiak Sciences Inc
company_aska_pharmaceutical_co_ltd,ASKA Pharmaceutical Co Ltd
company_muna_therapeutics_aps,Muna Therapeutics ApS
company_kunming_institute_of_zoology_the_chinese_academy_of_sciences,Kunming Institute of Zoology The Chinese Academy of Sciences
company_accro_bioscience_hk_ltd,Accro Bioscience (HK) Ltd
company_nova_southeastern_university_nsu,Nova Southeastern University (NSU)
company_axonis_therapeutics_inc,AXONIS Therapeutics Inc
company_amyloid_solution_inc,Amyloid Solution Inc
company_nextgen_bioscience_co_ltd,NextGen Bioscience Co Ltd
company_indiana_university,Indiana University
company_celloram_inc,Celloram Inc
company_neuroninn_biosciences_co_ltd,Neuroninn Biosciences Co Ltd
company_nanjing_tian_yin_jian_hua_pharma_tech_co_ltd,Nanjing Tian Yin Jian Hua Pharma Tech Co Ltd
company_university_of_hradec_kralove,University of Hradec Kralove
company_rpxds_co_ltd,Rpxds Co Ltd
company_hunan_chunjian_pharmaceutical_technology_co_ltd,Hunan Chunjian Pharmaceutical Technology Co Ltd
company_hunan_kyf_pharmaceutical_co_ltd,Hunan KYF Pharmaceutical Co Ltd
company_pharmala_biotech_inc,PharmAla Biotech Inc
company_open_source_therapeutics,Open Source Therapeutics
company_montclair_state_university,Montclair State University
company_university_of_maryland,University of Maryland
company_iaterion_inc,Iaterion Inc
company_rezolute_inc,Rezolute Inc
company_inimmune_corp,Inimmune Corp
company_the_scripps_research_institute,The Scripps Research Institute
company_bristol_myers_squibb_sa,Bristol Myers Squibb SA
company_shenzhen_zhongge_biotechnology_co_ltd,Shenzhen Zhongge Biotechnology Co Ltd
company_nanjing_synnocare_pharmaceutical_technology_co_ltd,Nanjing Synnocare Pharmaceutical Technology Co Ltd
company_apogee_pharmaceuticals_inc,Apogee Pharmaceuticals Inc
company_chengdu_kanghong_pharmaceutical_co_ltd,Chengdu Kanghong Pharmaceutical Co Ltd
company_chengdu_kanghong_pharmaceutical_group_co_ltd,Chengdu Kanghong Pharmaceutical Group Co Ltd
company_icahn_school_of_medicine_at_mount_sinai,Icahn School of Medicine at Mount Sinai
company_vertex_pharmaceuticals_inc,Vertex Pharmaceuticals Inc
company_type6_therapeutics_inc,Type6 Therapeutics Inc
company_hangzhou_highlightll_pharmaceutical_co_ltd,Hangzhou Highlightll Pharmaceutical Co Ltd
company_nanjing_lingnuo_biomedical_technology_research_institute_co_ltd,Nanjing Lingnuo Biomedical Technology Research Institute Co Ltd
company_ningxia_medical_university,Ningxia Medical University
company_artivila_shenzhen_innovation_center_ltd,Artivila (Shenzhen) Innovation Center Ltd
company_artivila_shenzhen_new_drug_research_center_co_ltd,Artivila (Shenzhen) New Drug Research Center Co Ltd
company_china-japan_friendship_hospital,China-Japan Friendship Hospital
company_remynd_nv,remynd NV
company_hangzhou_zhongmei_huadong_pharmaceutical_co_ltd,Hangzhou Zhongmei Huadong Pharmaceutical Co Ltd
company_china_state_institute_of_pharmaceutical_industry,China State Institute of Pharmaceutical Industry
company_suzhou_lexbio_pharm_co_ltd,Suzhou Lexbio Pharm Co Ltd
company_henan_medinno_pharmaceutical_technology_co_ltd,Henan Medinno Pharmaceutical Technology Co Ltd
company_liminal_biosciences_inc,Liminal BioSciences Inc
company_geneora_pharma_shijiazhuang_co_ltd,Geneora Pharma (Shijiazhuang) Co Ltd
company_wuhan_ll_science_technology_development_co_ltd,Wuhan LL Science & Technology Development Co Ltd
company_macquarie_university,Macquarie University
company_university_of_toronto,University of Toronto
company_institute_of_materia_medica_chinese_academy_of_medical_sciences_peking_union_medical_college,Institute of Materia Medica Chinese Academy of Medical Sciences & Peking Union Medical College
company_atux_iskay_group_llc,Atux Iskay Group LLC
company_agenebio_inc,AgeneBio Inc
company_hager_biosciences_llc,Hager Biosciences LLC
company_legochem_bioscience_inc,LegoChem Bioscience Inc
company_acurex_biosciences_corp,Acurex Biosciences Corp
company_pannex_therapeutics_inc,PANNEX Therapeutics Inc
company_rex_pharm_tech_co_ltd,Rex Pharm Tech Co Ltd
company_kyowa_kirin_co_ltd,Kyowa Kirin Co Ltd
company_tenacia_biotechnology_hong_kong_co_ltd,Tenacia Biotechnology (Hong Kong) Co Ltd
company_xwpharma_inc,XWPharma Inc
company_mydecine_innovations_group_inc,Mydecine Innovations Group Inc
company_chiesi_farmaceutici_spa,Chiesi Farmaceutici SpA
company_nanjing_zhongrui_medicine_co_ltd,Nanjing Zhongrui Medicine Co Ltd
company_lexbio_therapeutics_co_ltd,LexBio Therapeutics Co Ltd
company_cerevel_therapeutics_llc,Cerevel Therapeutics LLC
company_ez_bioxcel_solutions_pvt_ltd,EZ Bioxcel Solutions Pvt Ltd
company_invea_therapeutics_inc,Invea Therapeutics Inc
company_inveniai_llc,InveniAI LLC
company_benevolentai_ltd,BenevolentAI Ltd
company_asieris_pharmaceuticals_co_ltd,Asieris Pharmaceuticals Co Ltd
company_shanghai_yahong_meditech_co_ltd,Shanghai Yahong Meditech Co Ltd
company_cancer_hospital_of_shantou_university,Cancer Hospital of Shantou University
company_bellbrook_labs_llc,Bellbrook Labs LLC
company_new_york_university,New York University
company_nodthera_ltd,NodThera Ltd
company_convelo_therapeutics_inc,Convelo Therapeutics Inc
company_vividion_therapeutics_inc,Vividion Therapeutics Inc
company_psychogenics_inc,PsychoGenics Inc
company_han_yuan_medi-pharm_co_ltd,Han Yuan Medi-Pharm Co Ltd
company_aya_biosciences_inc,AYA Biosciences Inc
company_us_army_medical_command,US Army Medical Command
company_tisento_therapeutics_inc,Tisento Therapeutics Inc
company_selabtec_sciences_sl,Selabtec Sciences SL
company_rejuveron_telomere_therapeutics_ltd,Rejuveron Telomere Therapeutics Ltd
company_maze_therapeutics_inc,Maze Therapeutics Inc
company_norwegian_university_of_science_and_technology_ntnu,Norwegian University of Science and Technology (NTNU)
company_centre_hospitalier_regional_universitaire_de_lille,Centre Hospitalier Regional Universitaire de Lille
company_university_of_lille,University of Lille
company_b_a_oncomedical_sas,B&A Oncomedical SAS
company_masaryk_university,Masaryk University
company_gudui_biopharma_technology_inc,GuDui BioPharma Technology Inc
company_nine_square_therapeutics_inc,Nine Square Therapeutics Inc
company_escient_pharmaceuticals_inc,Escient Pharmaceuticals Inc
company_artus_therapeutics_inc,Artus Therapeutics Inc
company_institute_for_stem_cell_science_regenerative_medicine,Institute For Stem Cell Science & Regenerative Medicine
company_rutgers_university,Rutgers University
company_2a_biosciences_inc,2A Biosciences Inc
company_basecamp_bio_inc,Basecamp Bio Inc
company_neushen_therapeutics_inc,NeuShen Therapeutics Inc
company_shanghai_shenshi_wise_technology_co_ltd,Shanghai Shenshi Wise Technology Co Ltd
company_city_university_of_new_york,City University of New York
company_empathbio_inc,EmpathBio Inc
company_pennsylvania_state_university,Pennsylvania State University
company_university_of_toledo,University of Toledo
company_the_xinjiang_technical_institute_of_physics_chemistry_chinese_academy_of_sciences,The Xinjiang Technical Institute Of Physics & Chemistry Chinese Academy Of Sciences
company_east_china_normal_university,East China Normal University
company_navitor_pharmaceuticals_inc,Navitor Pharmaceuticals Inc
company_genep_inc,GenEp Inc
company_eicosis_llc,EicOsis LLC
company_cspc_zhongqi_pharmaceutical_technology_shijiazhuang_co_ltd,CSPC Zhongqi Pharmaceutical Technology (Shijiazhuang) Co Ltd
company_xuanzhu_pharma_co_ltd,Xuanzhu Pharma Co Ltd
company_addex_therapeutics_ltd,Addex Therapeutics Ltd
company_odyssey_therapeutics_inc,Odyssey Therapeutics Inc
company_the_salk_institute_for_biological_studies,The Salk Institute for Biological Studies
company_axceso_biopharma_co_ltd,Axceso Biopharma Co Ltd
company_teikyo_university,Teikyo University
company_neuralis_sa,Neuralis SA
company_centre_hospitalier_universitaire_de_montpellier,Centre Hospitalier Universitaire de Montpellier
company_helios-huaming_biopharma_co_ltd,Helios-Huaming BioPharma Co Ltd
company_chengdu_zeling_biomedical_technology_co_ltd,Chengdu Zeling Biomedical Technology Co Ltd
company_neumora_therapeutics_inc,Neumora Therapeutics Inc
company_protego_biopharma_inc,Protego Biopharma Inc
company_sumitomo_pharma_america_inc,Sumitomo Pharma America Inc
company_national_university_of_singapore,National University of Singapore
company_university_of_mysore,University Of Mysore
company_rewind_therapeutics,Rewind Therapeutics
company_university_of_copenhagen,University of Copenhagen
company_entheogenix_biosciences_inc,Entheogenix Biosciences Inc
company_autifony_therapeutics_ltd,Autifony Therapeutics Ltd
company_chengdu_university_of_technology,Chengdu University Of Technology
company_karuna_therapeutics_inc,Karuna Therapeutics Inc
company_celgene_corp,Celgene Corp
company_elgia_therapeutics_inc,Elgia Therapeutics Inc
company_wavebreak_therapeutics_ltd,WaveBreak Therapeutics Ltd
company_reservoir_neuroscience_inc,Reservoir Neuroscience Inc
company_apichope_bio_pharmaceutical_co_ltd,ApicHope Bio Pharmaceutical Co Ltd
company_apichope_pharmaceutical_co_ltd,ApicHope Pharmaceutical Co Ltd
company_iongen_therapeutics_co_ltd,Iongen Therapeutics Co Ltd
company_guangzhou_institutes_of_biomedicine_and_health,Guangzhou Institutes of Biomedicine and Health
company_usynova_pharmaceuticals_ltd,Usynova Pharmaceuticals Ltd
company_pontificia_universidad_catolica_de_chile,Pontificia Universidad Catolica De Chile
company_cytokinetics_inc,Cytokinetics Inc
company_protekt_therapeutics,Protekt Therapeutics
company_universit_t_bonn,Universität Bonn
company_institut_national_de_la_sante_et_de_la_recherche_medicale,Institut National De La Sante Et De La Recherche Medicale
company_universite_grenoble_alpes,Universite Grenoble Alpes
company_egis_pharmaceuticals_plc,Egis Pharmaceuticals plc
company_apellis_pharmaceuticals_inc,Apellis Pharmaceuticals Inc
company_yissum_research_development_co,Yissum Research Development Co
company_assia_chemicals,Assia Chemicals
company_tyk_medicines_inc,TYK Medicines Inc
company_southwest_jiaotong_university,Southwest Jiaotong University
company_amydis_inc,Amydis Inc
company_immunophage_biomedical_co_ltd,Immunophage Biomedical Co Ltd
company_shenzhen_crystalo_biomedical_technology_co_ltd,Shenzhen Crystalo Biomedical Technology Co Ltd
company_jiangsu_carephar_pharmaceutical_co_ltd,Jiangsu Carephar Pharmaceutical Co Ltd
company_cerevel_therapeutics_inc,Cerevel Therapeutics Inc
company_cogent_biosciences_inc,Cogent Biosciences Inc
company_chemical_works_of_gedeon_richter_plc,Chemical Works of Gedeon Richter Plc
company_purdue_research_foundation,Purdue Research Foundation
company_mcgill_university,McGill University
company_jazz_pharmaceuticals_plc,Jazz Pharmaceuticals Plc
company_nxera_pharma_uk_ltd,Nxera Pharma UK Ltd
company_daiichi_sankyo_co_ltd,Daiichi Sankyo Co Ltd
company_compass_pathways_plc,COMPASS Pathways Plc
company_adts_school_of_pharmacy_and_research_centre_shardanagar_baramati,Adts School of Pharmacy and Research Centre Shardanagar Baramati
company_federal_state_budgetary_scientific_institution_federal_research_center_for_original_and_prospective_biomedical_and_pharmaceutical_technologies,"Federal State Budgetary Scientific Institution ""Federal Research Center for Original and Prospective Biomedical and Pharmaceutical Technologies"""
company_us_department_of_commerce,US Department of Commerce
company_qps_clinical_services_gmbh,QPS Clinical Services GmbH
company_universitat_de_barcelona,Universitat de Barcelona
company_ciber_consorcio_centro_de_investigaci_n_biom_dica_en_red_mp,"CIBER (Consorcio Centro de Investigación Biomédica en Red, MP)"
company_fundaci_privada_institut_de_bioenginyeria_de_catalunya,Fundació Privada Institut De Bioenginyeria De Catalunya
company_instituci_catalana_de_recerca_i_estudis_avan_ats,Institució Catalana de Recerca i Estudis Avançats
company_vesper_bio_aps,Vesper Bio ApS
company_remix_therapeutics_inc,Remix Therapeutics Inc
company_zydus_lifesciences_ltd,Zydus Lifesciences Ltd
company_zymedyne_therapeutics_inc,Zymedyne Therapeutics Inc
company_ck_regeon_inc,CK Regeon Inc
company_beijing_university_of_chinese_medicine,Beijing University of Chinese Medicine
company_vivozon_inc,Vivozon Inc
company_atmosr_sas,Atmosr SAS
company_medetia_sas,Medetia SAS
company_neurasic_therapeutics_inc,Neurasic Therapeutics Inc
company_shandong_new_time_pharmaceutical_co_ltd,Shandong New Time Pharmaceutical Co Ltd
company_rectify_pharmaceuticals_inc,Rectify Pharmaceuticals Inc
company_supernus_pharmaceuticals_inc,Supernus Pharmaceuticals Inc
company_beijing_primegene_therapeutics_co_ltd,Beijing PrimeGene Therapeutics Co Ltd
company_eberhard_karls-universit_t_t_bingen,Eberhard Karls-Universität Tübingen
company_bashkiria_state_medical_univresity,Bashkiria State Medical Univresity
company_nico_therapeutics_inc,Nico Therapeutics Inc
company_acelot_inc,Acelot Inc
company_humanwell_pharmaceutical_us_inc,Humanwell Pharmaceutical US Inc
company_k_leon_llc,Küleon LLC
company_meta_pharmaceutical_hk_ltd,META Pharmaceutical (HK) Ltd
company_shenzhen_moyuan_pharmaceuticals_co_ltd,Shenzhen Moyuan Pharmaceuticals Co Ltd
company_zonsen_peplib_biotech_inc,Zonsen PepLib Biotech Inc
company_caraway_therapeutics_inc,Caraway Therapeutics Inc
company_nuphase_therapeutics_hangzhou_ltd_co,NuPhase Therapeutics (Hangzhou) Ltd Co
company_suzhou_protonation_chain_biotechnology_co_ltd,Suzhou Protonation Chain Biotechnology Co Ltd
company_alicorn_pharmaceutical_co_ltd,Alicorn Pharmaceutical Co Ltd
company_4m_therapeutics_inc,4M Therapeutics Inc
company_azkarra_therapeutics_inc,Azkarra Therapeutics Inc
company_council_of_scientific_and_industrial_research_india,Council of Scientific and Industrial Research (India)
company_shanghai_henlius_biologics_co_ltd,Shanghai Henlius Biologics Co Ltd
company_shanghai_henlius_biotech_inc,Shanghai Henlius Biotech Inc
company_zywie_bio_llc,Zywie Bio LLC
company_the_university_of_pennsylvania,The University of Pennsylvania
company_washington_university_in_st_louis,Washington University in St Louis
company_duquesne_university,Duquesne University
company_septerna_inc,Septerna Inc
company_verge_analytics_inc_d_b_a_verge_genomics,Verge Analytics Inc (d/b/a Verge Genomics)
company_chengdu_sibeibo_pharmaceutical_technology_co_ltd,Chengdu Sibeibo Pharmaceutical Technology Co Ltd
company_university_of_nebraska,University of Nebraska
company_university_hospital_hradec_kr_lov,University Hospital Hradec Králové
company_revir_therapeutics_inc,ReviR Therapeutics Inc
company_cacti_inc_d_b_a_cacti_therapeutics,Cacti Inc (d/b/a Cacti Therapeutics)
company_rubedo_life_sciences_inc,Rubedo Life Sciences Inc
company_beth_israel_deaconess_medical_center_inc,Beth Israel Deaconess Medical Center Inc
company_farsight_medical_technology_shanghai_co_ltd,Farsight Medical Technology (Shanghai) Co Ltd
company_liangzhu_laboratory,Liangzhu Laboratory
company_china-japan_friendship_hospital_xiamen_university_affiliated_eye_center,"China-Japan Friendship Hospital, Xiamen University Affiliated Eye Center"
company_chengdu_fanxi_biopharma_co_ltd,Chengdu Fanxi Biopharma Co Ltd
company_albert_einstein_college_of_medicine,Albert Einstein College of Medicine
company_annovis_bio_inc,Annovis Bio Inc
company_sanford_burnham_prebys_medical_discovery_institute,Sanford Burnham Prebys Medical Discovery Institute
company_gemvax_kael_co_ltd,GemVax & Kael Co Ltd
company_tibet_haisco_pharmaceutical_co_ltd,Tibet Haisco Pharmaceutical Co Ltd
company_transneural_therapeutics_inc,Transneural Therapeutics Inc
company_prothena_corp_plc,Prothena Corp plc
company_the_general_hospital_corp,The General Hospital Corp
company_vivoryon_therapeutics_nv,Vivoryon Therapeutics NV
company_lynk_pharmaceuticals_co_ltd,Lynk Pharmaceuticals Co Ltd
company_skyhawk_therapeutics_inc,Skyhawk Therapeutics Inc
company_viva_star_biosciences_us_inc,Viva Star Biosciences (US) Inc
company_hangzhou_bio-creativity_pharma-tech_co_ltd,Hangzhou Bio-Creativity Pharma-Tech Co Ltd
company_st_anne_s_university_hospital_brno_czech_republic,"St. Anne's University Hospital Brno, Czech Republic"
company_tornado_therapeutics_inc,Tornado Therapeutics Inc
company_aston_university,Aston University
company_orion_corp,Orion Corp
company_the_brigham_and_women_s_hospital_inc,The Brigham and Women's Hospital Inc
company_us_department_of_health_and_human_services,US Department of Health and Human Services
company_florida_state_university,Florida State University
company_tenvie_therapeutics_inc,Tenvie Therapeutics Inc
company_biontech_se,BioNTech SE
company_ryvu_therapeutics_sa,Ryvu Therapeutics SA
company_aconcagua_bio_inc,Aconcagua Bio Inc
company_gandeeva_therapeutics_inc,Gandeeva Therapeutics Inc
company_university_of_british_columbia,University of British Columbia
company_institute_of_organic_chemistry_and_biochemistry_of_the_czech_academy_of_sciences,Institute of Organic Chemistry and Biochemistry of the Czech Academy of Sciences
company_academisch_ziekenhuis_leiden,Academisch Ziekenhuis Leiden
company_universiteit_leiden,Universiteit Leiden
company_genescience_pharmaceuticals_co_ltd,GeneScience Pharmaceuticals Co Ltd
company_suzhou_ansailong_pharmaceutical_technology_co_ltd,Suzhou Ansailong Pharmaceutical Technology Co Ltd
company_united_kingdom_research_innovation,United Kingdom Research & Innovation
company_innovstone_therapeutics_ltd,Innovstone Therapeutics Ltd
company_s-infinity_pharmaceuticals_co_ltd,S-Infinity Pharmaceuticals Co Ltd
company_shenyang_pharmaceutical_university,Shenyang Pharmaceutical University
company_arcadia_medicine_inc,Arcadia Medicine Inc
company_neuro3_therapeutics_inc,Neuro3 Therapeutics Inc
company_aobio_pharmaceutical_co_ltd,AoBio Pharmaceutical Co Ltd
company_xenon_pharmaceuticals_inc,Xenon Pharmaceuticals Inc
company_gatc_health_corp,GATC Health Corp
company_bisichem_co_ltd,Bisichem Co Ltd
company_st_johns_university,St Johns University
company_universite_de_montreal,Universite De Montreal
company_medical_university_of_vienna,Medical University of Vienna
company_the_university_of_queensland,The University of Queensland
company_universitat_innsbruck,Universitat Innsbruck
company_katholieke_universiteit_leuven,Katholieke Universiteit Leuven
company_gate_neurosciences_inc,Gate Neurosciences Inc
company_university_of_iowa,University of Iowa
company_arepa_ip_ltd,AREPA IP Ltd
company_cimplrx_co_ltd,CIMPLRX Co Ltd
company_samjin_pharmaceutical_co_ltd,Samjin Pharmaceutical Co Ltd
company_hikal_ltd,Hikal Ltd
company_jiangsu_chia_tai_fenghai_pharmaceutical_co_ltd,Jiangsu Chia Tai Fenghai Pharmaceutical Co Ltd
company_federal_university_of_alfenas,Federal University of Alfenas
company_universidade_estadual_de_campina,Universidade Estadual de Campina
company_universidade_federal_do_oeste_da_bahia,Universidade Federal do Oeste da Bahia
company_bioentropy_inc,Bioentropy Inc
company_deutsches_zentrum_f_r_neurodegenerative_erkrankungen_ev,Deutsches Zentrum für Neurodegenerative Erkrankungen eV
company_neuron-d_gmbh,Neuron-D GmbH
company_yeditepe_university,Yeditepe University
company_haisco_pharmaceutical_group_co_ltd,Haisco Pharmaceutical Group Co Ltd
company_beijing_tide_pharmaceutical_co_ltd,Beijing Tide Pharmaceutical Co Ltd
company_the_university_of_chicago,The University of Chicago
company_the_university_of_texas_health_science_center_tyler,The University of Texas Health Science Center Tyler
company_blackstone_therapeutics_llc,BlackStone Therapeutics LLC
company_deep_apple_therapeutics_inc,Deep Apple Therapeutics Inc
company_nzp_uk_ltd,NZP UK Ltd
company_retension_pharmaceuticals_inc,Retension Pharmaceuticals Inc
company_omeros_corp,Omeros Corp
company_boston_university,Boston University
company_university_of_massachusetts,University of Massachusetts
company_the_university_of_michigan,The University of Michigan
company_bexson_biomedical_inc,Bexson Biomedical Inc
company_university_of_aberdeen,University of Aberdeen
company_philipps-universitat_marburg,Philipps-Universitat Marburg
company_nanjing_mingde_new_drug_research_co_ltd,Nanjing Mingde New Drug Research Co Ltd
company_simcere_pharmaceutical_co_ltd,Simcere Pharmaceutical Co Ltd
company_suzhou_ark_biopharmaceutical_co_ltd,Suzhou Ark Biopharmaceutical Co Ltd
company_hepaitech_beijing_biopharma_technology_co_ltd,Hepaitech (Beijing) Biopharma Technology Co Ltd
company_zhaoqing_university,Zhaoqing University
company_shenzhen_targetrx_inc,Shenzhen TargetRx Inc
company_arigenx_therapeutics_co_ltd,Arigenx Therapeutics Co Ltd
company_beijing_muhua_biotechnology_co_ltd,Beijing Muhua Biotechnology Co Ltd
company_miracure_biotechnology_ltd,Miracure Biotechnology Ltd
company_long_island_university,Long Island University
company_fraunhofer-gesellschaft_zur_f_rderung_der_angewandten_forschung_ev,Fraunhofer-Gesellschaft zur Förderung der angewandten Forschung eV
company_johann_wolfgang_goethe-universitat_frankfurt_am_main,Johann Wolfgang Goethe-Universitat Frankfurt am Main
company_nanjing_reju_therapeutics_inc,Nanjing Reju Therapeutics Inc
company_hinova_pharmaceuticals_inc,Hinova Pharmaceuticals Inc
company_university_of_georgia_research_foundation_inc,University of Georgia Research Foundation Inc
company_kronos_bio_inc,Kronos Bio Inc
company_sevenless_therapeutics_ltd,Sevenless Therapeutics Ltd
company_insilico_medicine_ip_ltd,Insilico Medicine IP Ltd
company_altay_therapeutics_inc,Altay Therapeutics Inc
company_evotec_international_gmbh,Evotec International GmbH
company_good_doctor_pharmaceutical_group_co_ltd,Good Doctor Pharmaceutical Group Co Ltd
company_chongqing_pharmaceutical_research_institute_co_ltd,Chongqing Pharmaceutical Research Institute Co Ltd
company_yaopharma_co_ltd,YaoPharma Co Ltd
company_maplight_therapeutics_inc,MapLight Therapeutics Inc
company_forschungsverbund_berlin_ev,Forschungsverbund Berlin EV
company_chinese_institute_for_brain_research_beijing,Chinese Institute For Brain Research Beijing
company_actio_biosciences_inc,Actio Biosciences Inc
company_astrogen_inc,Astrogen Inc
company_pyrotech_beijing_biotechnology_co_ltd,Pyrotech (Beijing) Biotechnology Co Ltd
company_nanjing_nutrabuilding_bio-tech_co_ltd,Nanjing Nutrabuilding Bio-Tech Co Ltd
company_nanjing_deheng_pharmaceutical_technology_co_ltd,Nanjing Deheng Pharmaceutical Technology Co Ltd
company_nanjing_delova_biotech_co_ltd,Nanjing Delova Biotech Co Ltd
company_manoira_corp,Manoira Corp
company_ileadbms_co_ltd,iLeadBMS Co Ltd
company_chengdu_diao_pharmaceutical_group_co_ltd,Chengdu Diao Pharmaceutical Group Co Ltd
company_di_ao_group_chengdu_pharmaceutical_co_ltd,Di'ao Group Chengdu Pharmaceutical Co Ltd
company_wuhan_xirui_pharmaceutical_technology_co_ltd,Wuhan Xirui Pharmaceutical Technology Co Ltd
company_regulonix_llc,Regulonix LLC
company_atai_therapeutics_inc,Atai Therapeutics Inc
company_purminds_holdings_inc,PurMinds Holdings Inc
company_synphatec_shanghai_biopharmaceutical_technology_co_ltd,Synphatec (Shanghai) Biopharmaceutical Technology Co Ltd
company_guangdong_zhongsheng_ruichuang_pharmaceutical_co_ltd,Guangdong Zhongsheng Ruichuang Pharmaceutical Co Ltd
company_shionogi-apnimed_sleep_science_llc,Shionogi-Apnimed Sleep Science LLC
company_shenzhen_bay_laboratory,Shenzhen Bay Laboratory
company_fortvita_biologics_inc,Fortvita Biologics Inc
company_zhongshan_institute_for_drug_discovery,Zhongshan Institute for Drug Discovery
company_university_of_kentucky,University of Kentucky
company_ensem_therapeutics_shanghai_ltd,ENSEM Therapeutics (Shanghai) Ltd
company_ensem_therapeutics_inc,ENSEM Therapeutics Inc
company_ignis_therapeutics_shanghai_co_ltd,Ignis Therapeutics (Shanghai) Co Ltd
company_cspc_baike_shandong_biopharmaceutical_co_ltd,CSPC Baike (Shandong) Biopharmaceutical Co Ltd
company_kapoose_creek_bio,Kapoose Creek Bio
company_mcmaster_university,McMaster University
company_loqus23_therapeutics_ltd,LoQus23 Therapeutics Ltd
company_digmbio_inc,DIGMBIO Inc
company_greater_bay_area_institute_of_precision_medicine,Greater Bay Area Institute of Precision Medicine
company_divamics_inc,Divamics Inc
company_hangzhou_yirui_pharmaceutical_technology_co_ltd,Hangzhou Yirui Pharmaceutical Technology Co Ltd
company_rivo_bio_inc,Rivo Bio Inc
company_queen_s_university_at_kingtson,Queen's University At Kingtson
company_wren_therapeutics_ltd,Wren Therapeutics Ltd
company_libra_therapeutics_inc,Libra Therapeutics Inc
company_jiangsu_hengrui_pharmaceuticals_co_ltd,Jiangsu Hengrui Pharmaceuticals Co Ltd
company_shandong_suncadia_medicine_co_ltd,Shandong Suncadia Medicine Co Ltd
company_fondazione_istituto_italiano_di_tecnologia,Fondazione Istituto Italiano Di Tecnologia
company_iama_therapeutics_srl,IAMA Therapeutics Srl
company_temple_university,Temple University
company_etern_therapeutics_inc,ETERN Therapeutics Inc
company_open_source_therapeutics_co_ltd,Open Source Therapeutics Co Ltd
company_scenic_biotech_bv,Scenic Biotech BV
company_massachusetts_college_of_pharmacy_and_health_sciences,Massachusetts College of Pharmacy and Health Sciences
company_ludwig-maximilians-universit_t_m_nchen,Ludwig-Maximilians-Universität München
company_apex_biosciences_pte_ltd,Apex Biosciences Pte Ltd
company_synusight_biotech_shanghai_co_ltd,SynuSight Biotech (Shanghai) Co Ltd
company_endevica_bio_inc,Endevica Bio Inc
company_cyclone_therapeutics_inc,Cyclone Therapeutics Inc
company_windermere_therapeutics_inc,Windermere Therapeutics Inc
company_hanmi_pharmaceutical_co_ltd,Hanmi Pharmaceutical Co Ltd
company_athira_pharma_inc,Athira Pharma Inc
company_shandong_quanzhong_biomedical_technology_co_ltd,Shandong Quanzhong Biomedical Technology Co Ltd
company_chengdu_qingsheng_biopharmaceutical_co_ltd,Chengdu Qingsheng Biopharmaceutical Co Ltd
company_la_trobe_university,La Trobe University
company_arrakis_therapeutics,Arrakis Therapeutics
company_mira_pharmaceuticals_inc,MIRA Pharmaceuticals Inc
company_shanghai_huilun_pharmaceutical_co_ltd,Shanghai Huilun Pharmaceutical Co Ltd
company_tuojie_biotech_shanghai_co_ltd,Tuojie Biotech (Shanghai) Co Ltd
company_natural_medicine_institute_of_zhejiang_yangshengtang_co_ltd,Natural Medicine Institute Of Zhejiang Yangshengtang Co Ltd
company_yst_group,YST Group
company_maharishi_markendeswar_university,Maharishi Markendeswar University
company_ningbo_neubo_biotechnology_co_ltd,Ningbo Neubo Biotechnology Co Ltd
company_gerbera_therapeutics_inc,Gerbera Therapeutics Inc
company_nanjing_noratech_pharmaceutical_technology_co_ltd,Nanjing Noratech Pharmaceutical Technology Co Ltd
company_northern_illinois_university,Northern Illinois University
company_stream_neuroscience_inc,Stream Neuroscience Inc
company_the_washington_university,The Washington University
company_equator_therapeutics_inc,Equator Therapeutics Inc
company_casma_therapeutics_inc,Casma Therapeutics Inc
company_celon_pharma_sp,Celon Pharma SP
company_instytut_farmakologii_polskiej_akademii_nauk,Instytut Farmakologii Polskiej Akademii Nauk
company_national_institute_for_biological_sciences,National Institute For Biological Sciences
company_beone_medicines_ltd,BeOne Medicines Ltd
company_tonix_pharmaceuticals_holding_corp,Tonix Pharmaceuticals Holding Corp
company_jiangxi_jemincare_group_co_ltd,Jiangxi Jemincare Group Co Ltd
company_rutgers_the_state_university_of_new_jersey,"Rutgers, The State University of New Jersey"
company_memorial_hospital_for_cancer_and_allied_diseases,Memorial Hospital for Cancer and Allied Diseases
company_memorial_sloan_kettering_cancer_center,Memorial Sloan Kettering Cancer Center
company_university_of_rochester,University of Rochester
company_gt_gain_therapeutics_sa,GT Gain Therapeutics SA
company_universita_di_bologna,Universita di Bologna
company_sk_biopharmaceuticals_co_ltd,SK Biopharmaceuticals Co Ltd
company_panntherapi_sas,PannTheraPi SAS
company_glaxosmithkline_intellectual_property_development_ltd,GlaxoSmithKline Intellectual Property Development Ltd
company_shanghai_senhui_medicine_co_ltd,Shanghai Senhui Medicine Co Ltd
company_shanghai_shengdi_pharmaceutical_co_ltd,Shanghai Shengdi Pharmaceutical Co Ltd
company_hefei_university_of_technology,Hefei University of Technology
company_kyorin_pharmaceutical_co_ltd,Kyorin Pharmaceutical Co Ltd
company_chung-ang_university_industry_academic_cooperation_foundation,Chung-Ang University Industry Academic Cooperation Foundation
company_inje_university,Inje University
company_provibio_co_ltd,Provibio Co Ltd
company_hadasit_medical_research_services_and_development_ltd,Hadasit Medical Research Services and Development Ltd
company_booster_therapeutics_gmbh,Booster Therapeutics GmbH
company_fundacion_incliva,Fundacion Incliva
company_universitat_de_val_ncia,Universitat de València
company_beijing_horicin_biotechnology_co_ltd,Beijing Horicin Biotechnology Co Ltd
company_hunan_mingrui_pharmaceutical_co_ltd,Hunan Mingrui Pharmaceutical Co Ltd
company_innovent_biologics_suzhou_co_ltd,Innovent Biologics (Suzhou) Co Ltd
company_aurobindo_pharma_ltd,Aurobindo Pharma Ltd
company_auspex_pharmaceuticals_inc,Auspex Pharmaceuticals Inc
company_buck_institute,Buck Institute
company_napa_therapeutics_ltd,Napa Therapeutics Ltd
company_deciphera_pharmaceuticals_llc,Deciphera Pharmaceuticals LLC
company_cy_biopharma_ag,Cy Biopharma AG
company_de_shaw_research_llc,DE Shaw Research LLC
company_sironax_beijing_biotechnology_co_ltd,Sironax (Beijing) Biotechnology Co Ltd
company_oregon_health_science_university,Oregon Health & Science University
company_berlin_free_university,Berlin Free University
company_university_of_glasgow,University of Glasgow
company_university_of_virginia,University of Virginia
company_lancetome_beijing_biotech_ltd,Lancetome (Beijing) Biotech Ltd
company_baerenkraft_therapeutics_llc,Baerenkraft Therapeutics LLC
company_fujita_academy,Fujita Academy
company_jing_medicine_technology_shanghai_ltd,Jing Medicine Technology (Shanghai) Ltd
company_brise_pharmaceutical_shanghai_co_ltd,Brise Pharmaceutical (Shanghai) Co Ltd
company_xiyuan_anjian_pharmaceutical_beijing_co_ltd,Xiyuan Anjian Pharmaceutical (Beijing) Co Ltd
company_institute_of_chinese_materia_medica_china_academy_of_chinese_medical_sciences,Institute Of Chinese Materia Medica China Academy Of Chinese Medical Sciences
company_tongji_university,Tongji University
company_psy_therapeutics_inc,Psy Therapeutics Inc
company_institute_of_science_tokyo,Institute of Science Tokyo
company_panipat_institute_of_engineering_technology,Panipat Institute of Engineering & Technology
company_les_laboratoires_servier,Les Laboratoires Servier
company_snow_canyon_therapeutics_inc,Snow Canyon Therapeutics Inc
company_cavion_inc,Cavion Inc
company_blueprint_medicines_corp,Blueprint Medicines Corp
company_dana_farber_cancer_institute_inc,Dana Farber Cancer Institute Inc
company_angelini_pharma_spa,Angelini Pharma SpA
company_neurodawn_pharmaceutical_co_ltd,NeuroDawn Pharmaceutical Co Ltd
company_jumpcan_pharmaceutical_group_ltd,Jumpcan Pharmaceutical Group Ltd
company_vigonvita_shanghai_co_ltd,Vigonvita Shanghai Co Ltd
company_china_national_pharmaceutical_industry_research_institute_co_ltd,China National Pharmaceutical Industry Research Institute Co Ltd
company_zhejiang_yangshengtang_natural_medicines_co_ltd,Zhejiang Yangshengtang Natural Medicines Co Ltd
company_case_western_reserve_university,Case Western Reserve University
company_biolexis_therapeutics_inc,Biolexis Therapeutics Inc
company_clear_scientific_inc,Clear Scientific Inc
company_centro_de_inova_o_e_ensaios_pr_-cl_nicos,Centro de Inovação e Ensaios Pré-Clínicos
company_microbiologica_quimica_farmaceutica_ltda,Microbiologica Quimica Farmaceutica Ltda
company_amrita_school_of_medicine,Amrita School of Medicine
company_nemagen_discoveries_inc,Nemagen Discoveries Inc
company_universidade_do_porto,Universidade do Porto
company_avicenna_biosciences_inc,Avicenna Biosciences Inc
company_otsuka_america_pharmaceutical_inc,Otsuka America Pharmaceutical Inc
company_h_s_biolab_co_ltd,H&S Biolab Co Ltd
company_the_united_bio-technology_hengqin_co_ltd,The United Bio-Technology (Hengqin) Co Ltd
company_zhuhai_united_bio-pharmaceutical_co_ltd,Zhuhai United Bio-Pharmaceutical Co Ltd
company_axter_therapeutics_biopharmaceutical_tianjin_coltd,Axter Therapeutics Biopharmaceutical(Tianjin)Coltd
company_coreterra_therapeutics_inc,Coreterra Therapeutics Inc
company_the_government_of_the_united_states_of_america_as_represented_by_the_secretary_of_the_army,The Government Of The United States Of America As Represented By The Secretary Of The Army
company_ss_cyril_and_methodius_university_in_skopje,Ss. Cyril and Methodius University in Skopje
company_ariel_scientific_innovations_ltd,Ariel Scientific Innovations Ltd
company_expert_systems_inc,Expert Systems Inc
company_sea4us_-_biotecnologia_e_recursos_marinhos_lda,Sea4us - Biotecnologia E Recursos Marinhos Lda
company_connecta_therapeutics,Connecta Therapeutics
company_centre_for_regenerative_medicine_and_health_hong_kong_institute_of_science_innovation_chinese_academy_of_sciences,Centre for Regenerative Medicine and Health Hong Kong Institute of Science & Innovation Chinese Academy of Sciences
company_henan_university_of_chinese_medicine,Henan University of Chinese Medicine
company_taugen_llc,Taugen Llc
company_epirium_bio_inc,Epirium Bio Inc
company_jeil_pharmaceutical_co_ltd,Jeil Pharmaceutical Co Ltd
company_yuhan_corp,Yuhan Corp
company_the_first_affiliated_hospital_of_xi_an_jiaotong_university,The First Affiliated Hospital of Xi'an Jiaotong University
company_neomorph_inc,Neomorph Inc
company_afecta_pharmaceuticals,Afecta Pharmaceuticals
company_the_university_of_edinburgh,The University of Edinburgh
company_jiangxi_kerui_pharmaceutical_co_ltd,Jiangxi Kerui Pharmaceutical Co Ltd
company_french_commission_for_atomic_energy_and_alternative_energies,French Commission for Atomic Energy and Alternative Energies
company_instituto_butantan,Instituto Butantan
company_yan_an_university_yau,"Yan'an University, YAU"
company_sitala_bio_ltd,Sitala Bio Ltd
company_3d_medicines_inc,3D Medicines Inc
company_regents_of_the_university_of_california,Regents of the University of California
company_breye_therapeutics_aps,Breye Therapeutics ApS
company_zhejiang_pantheon_innovation_pharmaceutical_co_ltd,Zhejiang Pantheon Innovation Pharmaceutical Co Ltd
company_capacity_bio_inc,Capacity Bio Inc
company_fu_wai_hospital_chinese_academy_of_medical_sciences,Fu Wai Hospital Chinese Academy Of Medical Sciences
company_hainan_normal_university,Hainan Normal University
company_shandong_xinhua_pharmaceutical_group_co_ltd,Shandong Xinhua Pharmaceutical Group Co Ltd
company_laboratorios_columbia_sa_de_cv,Laboratorios Columbia SA de CV
company_research_foundation_for_mental_hygiene_inc,Research Foundation for Mental Hygiene Inc
company_selonterra_llc,Selonterra LLC
company_leonabio_inc,LeonaBio Inc
company_brandaris_therapeutics_bv,Brandaris Therapeutics Bv
company_accure_therapeutics,Accure Therapeutics
company_synnovation_therapeutics_inc,Synnovation Therapeutics Inc
company_shanghai_equvie_bioscience_co_ltd,Shanghai Equvie Bioscience Co Ltd
company_sichuan_kelun_drug_research_institute_co_ltd,Sichuan Kelun Drug Research Institute Co. Ltd
company_sichuan_kelun_pharmaceutical_research_institute_co_ltd,Sichuan Kelun Pharmaceutical Research Institute Co Ltd
company_chengdu_shibeikang_biological_medicine_technology_co_ltd,Chengdu Shibeikang Biological Medicine Technology Co Ltd
company_corbus_pharmaceuticals_inc,Corbus Pharmaceuticals Inc
company_ribopeutic_inc,Ribopeutic Inc
company_singularity_pharma_ltd,Singularity Pharma Ltd
company_national_center_of_neurology_psychiatry,National Center of Neurology & Psychiatry
company_tokyo_university_of_science,Tokyo University of Science
company_nanjing_coretech_biomedical_co_ltd,Nanjing CoreTech Biomedical Co Ltd
company_boyuan_pharmaceutical_suzhou_co_ltd,Boyuan Pharmaceutical (Suzhou) Co Ltd
company_suzhou_mednes_pharma_tech_co_ltd,Suzhou Mednes Pharma Tech Co Ltd
company_universita_della_calabria,Universita' Della Calabria
company_universite_clermont_auvergne,Universite Clermont Auvergne
company_assistance_publique-h_pitaux_de_paris,Assistance Publique-Hôpitaux de Paris
company_fondation_imagine,Fondation Imagine
company_hopitaux_universitaires_de_strasbourg,Hopitaux Universitaires de Strasbourg
company_ascletis_pharma_china_co_ltd,Ascletis Pharma (China) Co Ltd
company_the_university_of_north_carolina_at_pembroke,The University of North Carolina at Pembroke
company_wuhan_houxian_biopharmaceutical_co_ltd,Wuhan Houxian Biopharmaceutical Co Ltd
company_tyk_medicines_zhenghou_inc,TYK Medicines (Zhenghou) Inc
company_rensselaer_polytechnic_institute,Rensselaer Polytechnic Institute
