raw_disease_id,name
rawdisease_alzheimers_disease,Alzheimers disease
rawdisease_diabetes_mellitus,Diabetes mellitus
rawdisease_down_syndrome,Down syndrome
rawdisease_huntingtons_chorea,Huntingtons chorea
rawdisease_motor_neurone_disease,Motor neurone disease
rawdisease_neurodegenerative_disease,Neurodegenerative disease
rawdisease_parkinsons_disease,Parkinsons disease
rawdisease_prion_infection,Prion infection
rawdisease_acute_leukemia,Acute leukemia
rawdisease_bladder_cancer,Bladder cancer
rawdisease_breast_tumor,Breast tumor
rawdisease_cancer,Cancer
rawdisease_glioblastoma,Glioblastoma
rawdisease_liver_fibrosis,Liver fibrosis
rawdisease_lymphoma,Lymphoma
rawdisease_multiple_sclerosis,Multiple sclerosis
rawdisease_attention_deficit_hyperactivity_disorder,Attention deficit hyperactivity disorder
rawdisease_brain_disease,Brain disease
rawdisease_cognitive_disorder,Cognitive disorder
rawdisease_dystonia,Dystonia
rawdisease_movement_disorder,Movement disorder
rawdisease_schizophrenia,Schizophrenia
rawdisease_tourette_syndrome,Tourette syndrome
rawdisease_brain_tumor,Brain tumor
rawdisease_colon_tumor,Colon tumor
rawdisease_multiple_myeloma,Multiple myeloma
rawdisease_pancreas_tumor,Pancreas tumor
rawdisease_rectal_tumor,Rectal tumor
rawdisease_skin_cancer,Skin cancer
rawdisease_stomach_tumor,Stomach tumor
rawdisease_dementia,Dementia
rawdisease_psychiatric_disorder,Psychiatric disorder
rawdisease_psychotic_disorder,Psychotic disorder
rawdisease_crohns_disease,Crohns disease
rawdisease_hyperglycemia,Hyperglycemia
rawdisease_hypertension,Hypertension
rawdisease_insulin_dependent_diabetes,Insulin dependent diabetes
rawdisease_non-insulin_dependent_diabetes,Non-insulin dependent diabetes
rawdisease_obesity,Obesity
rawdisease_polycystic_ovary_syndrome,Polycystic ovary syndrome
rawdisease_stroke,Stroke
rawdisease_traumatic_brain_injury,Traumatic brain injury
rawdisease_cytomegalovirus_infection,Cytomegalovirus infection
rawdisease_influenza_virus_a_infection,Influenza virus A infection
rawdisease_osteoarthritis,Osteoarthritis
rawdisease_viral_infection,Viral infection
rawdisease_atherosclerosis,Atherosclerosis
rawdisease_bone_tumor,Bone tumor
rawdisease_hodgkins_disease,Hodgkins disease
rawdisease_lupus_nephritis,Lupus nephritis
rawdisease_sjoegrens_syndrome,Sjoegrens syndrome
rawdisease_systemic_lupus_erythematosus,Systemic lupus erythematosus
rawdisease_adrenoleukodystrophy,Adrenoleukodystrophy
rawdisease_alexander_disease,Alexander disease
rawdisease_canavan_disease,Canavan disease
rawdisease_globoid_cell_leukodystrophy,Globoid cell leukodystrophy
rawdisease_leukodystrophy,Leukodystrophy
rawdisease_nerve_injury,Nerve injury
rawdisease_spinal_cord_injury,Spinal cord injury
rawdisease_autoimmune_disease,Autoimmune disease
rawdisease_autoimmune_encephalomyelitis,Autoimmune encephalomyelitis
rawdisease_inflammatory_bowel_disease,Inflammatory bowel disease
rawdisease_injury,Injury
rawdisease_ischemia,Ischemia
rawdisease_mitochondrial_optic_neuropathy,Mitochondrial optic neuropathy
rawdisease_neurological_disease,Neurological disease
rawdisease_anxiety_disorder,Anxiety disorder
rawdisease_autism,Autism
rawdisease_bipolar_disorder,Bipolar disorder
rawdisease_central_nervous_system_disease,Central nervous system disease
rawdisease_depression,Depression
rawdisease_fibromyalgia,Fibromyalgia
rawdisease_pain,Pain
rawdisease_sleep_disorder,Sleep disorder
rawdisease_gaucher_disease,Gaucher disease
rawdisease_hepatocellular_carcinoma,Hepatocellular carcinoma
rawdisease_liver_disease,Liver disease
rawdisease_lysosome_storage_disease,Lysosome storage disease
rawdisease_non-alcoholic_steatohepatitis,Non-alcoholic steatohepatitis
rawdisease_asthma,Asthma
rawdisease_mycobacterium_tuberculosis_infection,Mycobacterium tuberculosis infection
rawdisease_myocardial_infarction,Myocardial infarction
rawdisease_psoriasis,Psoriasis
rawdisease_sepsis,Sepsis
rawdisease_inflammatory_disease,Inflammatory disease
rawdisease_neuropathic_pain,Neuropathic pain
rawdisease_primary_lateral_sclerosis,Primary lateral sclerosis
rawdisease_progressive_supranuclear_palsy,Progressive supranuclear palsy
rawdisease_sarcopenia,Sarcopenia
rawdisease_frontotemporal_dementia,Frontotemporal dementia
rawdisease_rheumatoid_arthritis,Rheumatoid arthritis
rawdisease_drug_dependence,Drug dependence
rawdisease_headache,Headache
rawdisease_mood_disorder,Mood disorder
rawdisease_neuritis,Neuritis
rawdisease_cushings_syndrome,Cushings syndrome
rawdisease_glaucoma,Glaucoma
rawdisease_constipation,Constipation
rawdisease_fragile_x_syndrome,Fragile X syndrome
rawdisease_fragile_x-associated_tremor_ataxia_syndrome,Fragile X-associated tremor ataxia syndrome
rawdisease_respiratory_failure,Respiratory failure
rawdisease_subcortical_vascular_dementia,Subcortical vascular dementia
rawdisease_kaposis_sarcoma,Kaposis sarcoma
rawdisease_multiple_system_atrophy,Multiple system atrophy
rawdisease_restenosis,Restenosis
rawdisease_influenza_virus_infection,Influenza virus infection
rawdisease_mycobacterium_infection,Mycobacterium infection
rawdisease_allergy,Allergy
rawdisease_gastrointestinal_infection,Gastrointestinal infection
rawdisease_atrophy,Atrophy
rawdisease_cerebral_palsy,Cerebral palsy
rawdisease_guillain_barre_syndrome,Guillain Barre syndrome
rawdisease_lebers_hereditary_optic_atrophy,Lebers hereditary optic atrophy
rawdisease_pelizaeus_merzbacher_disease,Pelizaeus Merzbacher disease
rawdisease_olivopontocerebellar_atrophy,Olivopontocerebellar atrophy
rawdisease_rett_syndrome,Rett syndrome
rawdisease_shy_drager_syndrome,Shy Drager syndrome
rawdisease_spinocerebellar_ataxia,Spinocerebellar ataxia
rawdisease_eating_disorder,Eating disorder
rawdisease_personality_disorder,Personality disorder
rawdisease_major_depressive_disorder,Major depressive disorder
rawdisease_phelan_mcdermid_syndrome,Phelan McDermid syndrome
rawdisease_cerebral_amyloid_angiopathy,Cerebral amyloid angiopathy
rawdisease_acute_lymphoblastic_leukemia,Acute lymphoblastic leukemia
rawdisease_acute_myelogenous_leukemia,Acute myelogenous leukemia
rawdisease_atopic_dermatitis,Atopic dermatitis
rawdisease_chronic_lymphocytic_leukemia,Chronic lymphocytic leukemia
rawdisease_chronic_obstructive_pulmonary_disease,Chronic obstructive pulmonary disease
rawdisease_lung_inflammation,Lung inflammation
rawdisease_epilepsy,Epilepsy
rawdisease_restless_legs_syndrome,Restless legs syndrome
rawdisease_age_related_macular_degeneration,Age related macular degeneration
rawdisease_diabetic_macular_edema,Diabetic macular edema
rawdisease_prostate_disease,Prostate disease
rawdisease_cardiac_failure,Cardiac failure
rawdisease_fatty_liver_disease,Fatty liver disease
rawdisease_fibrosis,Fibrosis
rawdisease_hypercholesterolemia,Hypercholesterolemia
rawdisease_hyperlipidemia,Hyperlipidemia
rawdisease_metabolic_disorder,Metabolic disorder
rawdisease_bipolar_i_disorder,Bipolar I disorder
rawdisease_metachromatic_leukodystrophy,Metachromatic leukodystrophy
rawdisease_bronchitis,Bronchitis
rawdisease_pancreatitis,Pancreatitis
rawdisease_post_traumatic_stress_disorder,Post traumatic stress disorder
rawdisease_vascular_dementia,Vascular dementia
rawdisease_neuronal_ceroid_lipofuscinosis,Neuronal ceroid lipofuscinosis
rawdisease_peripheral_neuropathy,Peripheral neuropathy
rawdisease_tuberous_sclerosis,Tuberous sclerosis
rawdisease_cerebrovascular_disease,Cerebrovascular disease
rawdisease_spinocerebellar_degenerations,Spinocerebellar degenerations
rawdisease_respiratory_tract_inflammation,Respiratory tract inflammation
rawdisease_bacterial_infection,Bacterial infection
rawdisease_cryopyrin_associated_periodic_syndrome,Cryopyrin associated periodic syndrome
rawdisease_gout,Gout
rawdisease_non_alcoholic_fatty_liver_disease,Non alcoholic fatty liver disease
rawdisease_peritonitis,Peritonitis
rawdisease_cardiovascular_disease,Cardiovascular disease
rawdisease_cerebral_infarction,Cerebral infarction
rawdisease_steatohepatitis,Steatohepatitis
rawdisease_brugada_syndrome,Brugada syndrome
rawdisease_amnesia,Amnesia
rawdisease_brain_ischemia,Brain ischemia
rawdisease_cranial_nerve_disorder,Cranial nerve disorder
rawdisease_chronic_thromboembolic_pulmonary_hypertension,Chronic thromboembolic pulmonary hypertension
rawdisease_decubitus_ulcer,Decubitus ulcer
rawdisease_diabetic_foot_ulcer,Diabetic foot ulcer
rawdisease_diabetic_neuropathy,Diabetic neuropathy
rawdisease_erectile_dysfunction,Erectile dysfunction
rawdisease_pulmonary_artery_hypertension,Pulmonary artery hypertension
rawdisease_raynauds_disease,Raynauds disease
rawdisease_wound_healing,Wound healing
rawdisease_hiv_infection,HIV infection
rawdisease_heart_disease,Heart disease
rawdisease_cystic_fibrosis,Cystic fibrosis
rawdisease_gestational_diabetes,Gestational diabetes
rawdisease_hemochromatosis,Hemochromatosis
rawdisease_insulin_resistance,Insulin resistance
rawdisease_metabolic_syndrome_x,Metabolic syndrome X
rawdisease_colorectal_tumor,Colorectal tumor
rawdisease_coronary_artery_disease,Coronary artery disease
rawdisease_hepatic_encephalopathy,Hepatic encephalopathy
rawdisease_infectious_disease,Infectious disease
rawdisease_intestine_disease,Intestine disease
rawdisease_short_bowel_syndrome,Short bowel syndrome
rawdisease_tinnitus,Tinnitus
rawdisease_vascular_disease,Vascular disease
rawdisease_osteoporosis,Osteoporosis
rawdisease_alopecia,Alopecia
rawdisease_corneal_dystrophy,Corneal dystrophy
rawdisease_liver_tumor,Liver tumor
rawdisease_myelodysplastic_syndrome,Myelodysplastic syndrome
rawdisease_narcolepsy,Narcolepsy
rawdisease_alcoholism,Alcoholism
rawdisease_cocaine_addiction,Cocaine addiction
rawdisease_nicotine_dependence,Nicotine dependence
rawdisease_renal_disease,Renal disease
rawdisease_becker_muscular_dystrophy,Becker muscular dystrophy
rawdisease_charcot_marie_tooth_disease,Charcot Marie Tooth disease
rawdisease_muscular_dystrophy,Muscular dystrophy
rawdisease_myasthenia_gravis,Myasthenia gravis
rawdisease_spinal_muscular_atrophy,Spinal muscular atrophy
rawdisease_ovary_tumor,Ovary tumor
rawdisease_renal_tumor,Renal tumor
rawdisease_endometriosis,Endometriosis
rawdisease_hot_flashes,Hot flashes
rawdisease_menopause,Menopause
rawdisease_prostate_hyperplasia,Prostate hyperplasia
rawdisease_uterine_fibroids,Uterine fibroids
rawdisease_mild_cognitive_impairment,Mild cognitive impairment
rawdisease_drug_withdrawal_syndrome,Drug withdrawal syndrome
rawdisease_migraine,Migraine
rawdisease_intellectual_impairment,Intellectual impairment
rawdisease_arthritis,Arthritis
rawdisease_skin_burns,Skin burns
rawdisease_emesis,Emesis
rawdisease_genital_tract_infection,Genital tract infection
rawdisease_palpitation,Palpitation
rawdisease_pre-eclampsia,Pre-eclampsia
rawdisease_leukemia,Leukemia
rawdisease_melanoma,Melanoma
rawdisease_scleroderma,Scleroderma
rawdisease_ulcerative_colitis,Ulcerative colitis
rawdisease_xerophthalmia,Xerophthalmia
rawdisease_acute_stress_disorder,Acute stress disorder
rawdisease_insomnia,Insomnia
rawdisease_acquired_immune_deficiency_syndrome,Acquired immune deficiency syndrome
rawdisease_aggression,Aggression
rawdisease_cerebral_edema,Cerebral edema
rawdisease_obsessive_compulsive_disorder,Obsessive compulsive disorder
rawdisease_hypersomnia,Hypersomnia
rawdisease_coronavirus_disease_19_infection,Coronavirus disease 19 infection
rawdisease_irritable_bowel_syndrome,Irritable bowel syndrome
rawdisease_prostate_tumor,Prostate tumor
rawdisease_borderline_personality_disorder,Borderline personality disorder
rawdisease_dissociative_disorder,Dissociative disorder
rawdisease_seizure_disorder,Seizure disorder
rawdisease_ischemic_heart_disease,Ischemic heart disease
rawdisease_appetite_loss,Appetite loss
rawdisease_compulsive_gambling,Compulsive gambling
rawdisease_lipid_metabolism_disorder,Lipid metabolism disorder
rawdisease_thrombosis,Thrombosis
rawdisease_asperger_syndrome,Asperger syndrome
rawdisease_opiate_dependence,Opiate dependence
rawdisease_overactive_bladder,Overactive bladder
rawdisease_sexual_dysfunction,Sexual dysfunction
rawdisease_renal_cell_carcinoma,Renal cell carcinoma
rawdisease_lewy_body_dementia,Lewy body dementia
rawdisease_anorexia_nervosa,Anorexia nervosa
rawdisease_chronic_fatigue_syndrome,Chronic fatigue syndrome
rawdisease_generalized_anxiety_disorder,Generalized anxiety disorder
rawdisease_lung_disease,Lung disease
rawdisease_plasmodium_infection,Plasmodium infection
rawdisease_genetic_disorder,Genetic disorder
rawdisease_bulimia_nervosa,Bulimia nervosa
rawdisease_hepatitis_b_virus_infection,Hepatitis B virus infection
rawdisease_neoplasm,Neoplasm
rawdisease_creutzfeldt_jakob_disease,Creutzfeldt Jakob disease
rawdisease_arteriosclerosis,Arteriosclerosis
rawdisease_amyloid_polyneuropathy,Amyloid polyneuropathy
rawdisease_amyloidosis,Amyloidosis
rawdisease_mania,Mania
rawdisease_b-cell_lymphoma,B-cell lymphoma
rawdisease_bone_disease,Bone disease
rawdisease_myeloproliferative_disorder,Myeloproliferative disorder
rawdisease_thrombocythemia,Thrombocythemia
rawdisease_bipolar_ii_disorder,Bipolar II disorder
rawdisease_complex_regional_pain_syndrome,Complex regional pain syndrome
rawdisease_diarrhea,Diarrhea
rawdisease_liver_cirrhosis,Liver cirrhosis
rawdisease_liver_injury,Liver injury
rawdisease_portal_hypertension,Portal hypertension
rawdisease_pulmonary_fibrosis,Pulmonary fibrosis
rawdisease_anemia,Anemia
rawdisease_heart_neoplasm,Heart neoplasm
rawdisease_lung_tumor,Lung tumor
rawdisease_nephritis,Nephritis
rawdisease_mycobacterium_leprae_infection,Mycobacterium leprae infection
rawdisease_atrial_fibrillation,Atrial fibrillation
rawdisease_extrasystole,Extrasystole
rawdisease_heart_arrhythmia,Heart arrhythmia
rawdisease_macular_degeneration,Macular degeneration
rawdisease_delirium,Delirium
rawdisease_hyperprolactinemia,Hyperprolactinemia
rawdisease_panic_disorder,Panic disorder
rawdisease_ocular_disease,Ocular disease
rawdisease_dysthymic_disorder,Dysthymic disorder
rawdisease_polycystic_kidney_disease,Polycystic kidney disease
rawdisease_thyroid_tumor,Thyroid tumor
rawdisease_osteosarcoma,Osteosarcoma
rawdisease_sickle_cell_anemia,Sickle cell anemia
rawdisease_idiopathic_thrombocytopenic_purpura,Idiopathic thrombocytopenic purpura
rawdisease_niemann_pick_disease,Niemann Pick disease
rawdisease_gastrointestinal_disease,Gastrointestinal disease
rawdisease_herpes_simplex_virus_infection,Herpes simplex virus infection
rawdisease_costello_syndrome,Costello syndrome
rawdisease_autoinflammatory_disease,Autoinflammatory disease
rawdisease_dermatomyositis,Dermatomyositis
rawdisease_immune_disorder,Immune disorder
rawdisease_septic_shock,Septic shock
rawdisease_neuropathy,Neuropathy
rawdisease_anesthesia,Anesthesia
rawdisease_nausea,Nausea
rawdisease_suicidal_ideation,Suicidal ideation
rawdisease_myopathy,Myopathy
rawdisease_neuromuscular_disease,Neuromuscular disease
rawdisease_peripheral_vascular_disease,Peripheral vascular disease
rawdisease_pulmonary_hypertension,Pulmonary hypertension
rawdisease_renal_failure,Renal failure
rawdisease_aging,Aging
rawdisease_encephalomyelitis,Encephalomyelitis
rawdisease_friedreich_ataxia,Friedreich ataxia
rawdisease_melas_syndrome,MELAS syndrome
rawdisease_mitochondrial_disease,Mitochondrial disease
rawdisease_myoglobinuria,Myoglobinuria
rawdisease_herpesvirus_infection,Herpesvirus infection
rawdisease_stomach_ulcer,Stomach ulcer
rawdisease_acute_lung_injury,Acute lung injury
rawdisease_hearing_loss,Hearing loss
rawdisease_respiratory_distress_syndrome,Respiratory distress syndrome
rawdisease_werner_syndrome,Werner syndrome
rawdisease_alcoholic_liver_disease,Alcoholic liver disease
rawdisease_cardiac_reperfusion_injury,Cardiac reperfusion injury
rawdisease_fanconi_anemia,Fanconi anemia
rawdisease_head_and_neck_tumor,Head and neck tumor
rawdisease_cerebral_hemorrhage,Cerebral hemorrhage
rawdisease_absence_seizure,Absence seizure
rawdisease_essential_tremor,Essential tremor
rawdisease_juvenile_myoclonic_epilepsy,Juvenile myoclonic epilepsy
rawdisease_catatonia,Catatonia
rawdisease_hyperalgesia,Hyperalgesia
rawdisease_central_nervous_system_tumor,Central nervous system tumor
rawdisease_congestive_heart_failure,Congestive heart failure
rawdisease_muscle_weakness,Muscle weakness
rawdisease_ventricular_tachycardia,Ventricular tachycardia
rawdisease_dermatitis,Dermatitis
rawdisease_fungal_infection,Fungal infection
rawdisease_hearing_disorder,Hearing disorder
rawdisease_alpha-1_antitrypsin_deficiency,Alpha-1 antitrypsin deficiency
rawdisease_duchenne_dystrophy,Duchenne dystrophy
rawdisease_stargardt_disease,Stargardt disease
rawdisease_niemann_pick_disease_type_c,Niemann Pick disease type C
rawdisease_brain_injury,Brain injury
rawdisease_dysmenorrhea,Dysmenorrhea
rawdisease_endocrine_disease,Endocrine disease
rawdisease_hyperplasia,Hyperplasia
rawdisease_hyponatremia,Hyponatremia
rawdisease_premature_labor,Premature labor
rawdisease_burkitts_lymphoma,Burkitts lymphoma
rawdisease_gastroesophageal_reflux,Gastroesophageal reflux
rawdisease_fabry_disease,Fabry disease
rawdisease_neuroblastoma,Neuroblastoma
rawdisease_aicardi_goutieres_syndrome,Aicardi Goutieres syndrome
rawdisease_vasculitis,Vasculitis
rawdisease_degeneration,Degeneration
rawdisease_retinopathy,Retinopathy
rawdisease_ataxia_telangiectasia,Ataxia telangiectasia
rawdisease_refsum_disease,Refsum disease
rawdisease_intracranial_aneurysm,Intracranial aneurysm
rawdisease_immune_deficiency,Immune deficiency
rawdisease_autoimmune_nervous_system_disease,Autoimmune nervous system disease
rawdisease_nervous_system_inflammation,Nervous system inflammation
rawdisease_melancholia,Melancholia
rawdisease_postnatal_depression,Postnatal depression
rawdisease_status_epilepticus,Status epilepticus
rawdisease_circadian_rhythm_sleep_disorder,Circadian rhythm sleep disorder
rawdisease_multi-infarct_dementia,Multi-infarct dementia
rawdisease_enteritis,Enteritis
rawdisease_hepatitis_virus_infection,Hepatitis virus infection
rawdisease_acute_coronary_syndrome,Acute coronary syndrome
rawdisease_pneumonia,Pneumonia
rawdisease_wilson_disease,Wilson disease
rawdisease_head_injury,Head injury
rawdisease_coronavirus_infection,Coronavirus infection
rawdisease_dengue_virus_infection,Dengue virus infection
rawdisease_hepatitis_c_virus_infection,Hepatitis C virus infection
rawdisease_norovirus_infection,Norovirus infection
rawdisease_rhinovirus_infection,Rhinovirus infection
rawdisease_peripheral_nervous_system_disease,Peripheral nervous system disease
rawdisease_male_infertility,Male infertility
rawdisease_delusional_disorder,Delusional disorder
rawdisease_cough,Cough
rawdisease_urinary_tract_disease,Urinary tract disease
rawdisease_dystrophy,Dystrophy
rawdisease_hallervorden-spatz_syndrome,Hallervorden-Spatz syndrome
rawdisease_beta_thalassemia,Beta thalassemia
rawdisease_idiopathic_pulmonary_fibrosis,Idiopathic pulmonary fibrosis
rawdisease_sarcoidosis,Sarcoidosis
rawdisease_bleeding,Bleeding
rawdisease_hypogonadism,Hypogonadism
rawdisease_retinitis_pigmentosa,Retinitis pigmentosa
rawdisease_familial_mediterranean_fever,Familial mediterranean fever
rawdisease_muckle_wells_syndrome,Muckle Wells syndrome
rawdisease_autoimmune_hemolytic_anemia,Autoimmune hemolytic anemia
rawdisease_glioma,Glioma
rawdisease_sarcoma,Sarcoma
rawdisease_dental_caries,Dental caries
rawdisease_myotonic_dystrophy,Myotonic dystrophy
rawdisease_diabetic_retinopathy,Diabetic retinopathy
rawdisease_hepatitis,Hepatitis
rawdisease_encephalitis,Encephalitis
rawdisease_ischemic_stroke,Ischemic stroke
rawdisease_meningitis,Meningitis
rawdisease_nutritional_deficiency,Nutritional deficiency
rawdisease_peroxisome_disease,Peroxisome disease
rawdisease_diabetic_nephropathy,Diabetic nephropathy
rawdisease_neuromyelitis_optica,Neuromyelitis optica
rawdisease_inner_ear_disease,Inner ear disease
rawdisease_central_nervous_system_infection,Central nervous system infection
rawdisease_corneal_injury,Corneal injury
rawdisease_ankylosing_spondylitis,Ankylosing spondylitis
rawdisease_agitation,Agitation
rawdisease_ataxia,Ataxia
rawdisease_hyperkinesia,Hyperkinesia
rawdisease_tardive_dyskinesia,Tardive dyskinesia
rawdisease_moyamoya_disease,Moyamoya disease
rawdisease_cachexia,Cachexia
rawdisease_muscle_disease,Muscle disease
rawdisease_biliary_cancer,Biliary cancer
rawdisease_non-small-cell_lung_cancer,Non-small-cell lung cancer
rawdisease_hematological_neoplasm,Hematological neoplasm
rawdisease_infertility,Infertility
rawdisease_hypothyroidism,Hypothyroidism
rawdisease_transitional_cell_carcinoma,Transitional cell carcinoma
rawdisease_spastic_paraplegia,Spastic paraplegia
rawdisease_hereditary_angioedema,Hereditary angioedema
rawdisease_uveitis,Uveitis
rawdisease_heparin_induced_thrombocytopenia,Heparin induced thrombocytopenia
rawdisease_fatigue,Fatigue
rawdisease_alcohol_withdrawal_syndrome,Alcohol withdrawal syndrome
rawdisease_diabetes_insipidus,Diabetes insipidus
rawdisease_weight_gain,Weight gain
rawdisease_acidosis,Acidosis
rawdisease_hypoparathyroidism,Hypoparathyroidism
rawdisease_liver_failure,Liver failure
rawdisease_schizoaffective_disorder,Schizoaffective disorder
rawdisease_eczema,Eczema
rawdisease_skin_allergy,Skin allergy
rawdisease_alopecia_areata,Alopecia areata
rawdisease_dilated_cardiomyopathy,Dilated cardiomyopathy
rawdisease_gastrointestinal_stromal_tumor,Gastrointestinal stromal tumor
rawdisease_optic_neuritis,Optic neuritis
rawdisease_weight_loss,Weight loss
rawdisease_hutchinson_gilford_progeria_syndrome,Hutchinson Gilford progeria syndrome
rawdisease_penile_induration,Penile induration
rawdisease_respiratory_disease,Respiratory disease
rawdisease_familial_cold_autoinflammatory_syndrome,Familial cold autoinflammatory syndrome
rawdisease_holt_oram_syndrome,Holt Oram syndrome
rawdisease_mesothelioma,Mesothelioma
rawdisease_myocardial_disease,Myocardial disease
rawdisease_angina,Angina
rawdisease_transplant_rejection,Transplant rejection
rawdisease_phobia,Phobia
rawdisease_suicide,Suicide
rawdisease_cushings_disease,Cushings disease
rawdisease_hiv-1_infection,HIV-1 infection
rawdisease_diffuse_large_b-cell_lymphoma,Diffuse large B-cell lymphoma
rawdisease_mantle_cell_lymphoma,Mantle cell lymphoma
rawdisease_non-hodgkin_lymphoma,Non-Hodgkin lymphoma
rawdisease_macular_edema,Macular edema
rawdisease_end_stage_renal_disease,End stage renal disease
rawdisease_solid_tumor,Solid tumor
rawdisease_deafness,Deafness
rawdisease_bladder_disease,Bladder disease
rawdisease_reperfusion_injury,Reperfusion injury
rawdisease_blood_clotting_disorder,Blood clotting disorder
rawdisease_alcoholic_fatty_liver_disease,Alcoholic fatty liver disease
rawdisease_celiac_disease,Celiac disease
rawdisease_dermatological_disease,Dermatological disease
rawdisease_psychogenic_pain,Psychogenic pain
rawdisease_coma,Coma
rawdisease_hiv_associated_dementia,HIV associated dementia
rawdisease_tremor,Tremor
rawdisease_focal_segmental_glomerulosclerosis,Focal segmental glomerulosclerosis
rawdisease_renal_injury,Renal injury
rawdisease_necrosis,Necrosis
rawdisease_tonic_clonic_epilepsy,Tonic clonic epilepsy
rawdisease_arthralgia,Arthralgia
rawdisease_myalgia,Myalgia
rawdisease_ostealgia,Ostealgia
rawdisease_cluster_headache,Cluster headache
rawdisease_paralysis,Paralysis
rawdisease_glomerulonephritis,Glomerulonephritis
rawdisease_esophagitis,Esophagitis
rawdisease_gastroenteritis,Gastroenteritis
rawdisease_muscle_hypertonia,Muscle hypertonia
rawdisease_periventricular_leukomalacia,Periventricular leukomalacia
rawdisease_proteinosis,Proteinosis
rawdisease_adrenal_gland_hypofunction,Adrenal gland hypofunction
rawdisease_angelman_syndrome,Angelman syndrome
rawdisease_delusion,Delusion
rawdisease_hallucination,Hallucination
rawdisease_senile_dementia,Senile dementia
rawdisease_ocular_neovascular_disorder,Ocular neovascular disorder
rawdisease_varicella_zoster_virus_infection,Varicella zoster virus infection
rawdisease_chronic_leukemia,Chronic leukemia
rawdisease_spinal_and_bulbar_muscular_atrophy,Spinal and bulbar muscular atrophy
rawdisease_hypoxia,Hypoxia
rawdisease_birth_complication,Birth complication
rawdisease_planned_abortion,Planned abortion
rawdisease_laron_syndrome,Laron syndrome
rawdisease_marfan_syndrome,Marfan syndrome
rawdisease_tay_sachs_disease,Tay Sachs disease
rawdisease_thalassemia,Thalassemia
rawdisease_carditis,Carditis
rawdisease_hyperuricemia,Hyperuricemia
rawdisease_psoriatic_arthritis,Psoriatic arthritis
rawdisease_emotional_lability,Emotional lability
rawdisease_prolactinoma,Prolactinoma
rawdisease_marbach_schaaf_neurodevelopmental_syndrome,Marbach Schaaf neurodevelopmental syndrome
rawdisease_agoraphobia,Agoraphobia
rawdisease_prader-willi_syndrome,Prader-Willi syndrome
rawdisease_social_phobia,Social phobia
rawdisease_fibrosarcoma,Fibrosarcoma
rawdisease_hemoglobinopathy,Hemoglobinopathy
rawdisease_vibrio_infection,Vibrio infection
rawdisease_dravet_syndrome,Dravet syndrome
rawdisease_esophagus_tumor,Esophagus tumor
rawdisease_melasma,Melasma
rawdisease_anxiety_disorders,Anxiety disorders
rawdisease_hepatitis_a_virus_infection,Hepatitis A virus infection
rawdisease_premenstrual_syndrome,Premenstrual syndrome
rawdisease_ebola_virus_infection,Ebola virus infection
rawdisease_neurotoxicity_drug-induced,Neurotoxicity drug-induced
rawdisease_machado-joseph_disease,Machado-Joseph disease
rawdisease_lung_embolism,Lung embolism
rawdisease_fetal_alcohol_syndrome,Fetal alcohol syndrome
rawdisease_liposarcoma,Liposarcoma
rawdisease_sars_coronavirus_infection,SARS coronavirus infection
rawdisease_tendon_disease,Tendon disease
rawdisease_phenylketonuria,Phenylketonuria
rawdisease_vitamin_b12_deficiency,Vitamin B12 deficiency
rawdisease_cutaneous_t-cell_lymphoma,Cutaneous T-cell lymphoma
rawdisease_urinary_incontinence,Urinary incontinence
rawdisease_dysplasia,Dysplasia
rawdisease_myotonic_dystrophy_type_1,Myotonic dystrophy type 1
rawdisease_asthma_attack,Asthma attack
rawdisease_diabetic_complication,Diabetic complication
rawdisease_thiamine_deficiency,Thiamine deficiency
rawdisease_myelitis,Myelitis
rawdisease_treponema_pallidum_infection,Treponema pallidum infection
rawdisease_chronic_myelocytic_leukemia,Chronic myelocytic leukemia
rawdisease_polycythemia_vera,Polycythemia vera
rawdisease_spinal_injury,Spinal injury
rawdisease_urinary_tract_infection,Urinary tract infection
rawdisease_eosinophilic_esophagitis,Eosinophilic esophagitis
rawdisease_ocular_hypertension,Ocular hypertension
rawdisease_niemann_pick_disease_type_c1,Niemann Pick disease type C1
rawdisease_nonne_milroy_meige_syndrome,Nonne Milroy Meige syndrome
rawdisease_staphylococcus_infection,Staphylococcus infection
rawdisease_impulse_control_disorder,Impulse control disorder
rawdisease_pervasive_child_developmental_disorder,Pervasive child developmental disorder
rawdisease_factitious_disorder,Factitious disorder
rawdisease_cerebellar_ataxia,Cerebellar ataxia
rawdisease_shock,Shock
rawdisease_hidradenitis_suppurativa,Hidradenitis suppurativa
rawdisease_parkinsons_disease_dementia,Parkinsons disease dementia
rawdisease_type_i_tyrosinemia,Type I tyrosinemia
rawdisease_type_ii_tyrosinemia,Type II tyrosinemia
rawdisease_type_iii_tyrosinemia,Type III tyrosinemia
rawdisease_urea_cycle_disorder,Urea cycle disorder
rawdisease_t-cell_lymphoma,T-cell lymphoma
rawdisease_rabies_virus_infection,Rabies virus infection
rawdisease_phlebothrombosis,Phlebothrombosis
rawdisease_pruritus,Pruritus
rawdisease_reproductive_disorder,Reproductive disorder
rawdisease_polycythemia,Polycythemia
rawdisease_hashimotos_disease,Hashimotos disease
rawdisease_chediak_higashi_syndrome,Chediak Higashi syndrome
rawdisease_galactose_metabolism_disorder,Galactose metabolism disorder
rawdisease_trypanosomiasis,Trypanosomiasis
rawdisease_apnea,Apnea
rawdisease_periodontitis,Periodontitis
rawdisease_hypotension,Hypotension
rawdisease_sleep_apnea,Sleep apnea
rawdisease_thromboembolism,Thromboembolism
rawdisease_tic_disorder,Tic disorder
rawdisease_cancer_pain,Cancer pain
rawdisease_angiogenesis_disorder,Angiogenesis disorder
rawdisease_conjunctivitis,Conjunctivitis
rawdisease_hemangioma,Hemangioma
rawdisease_abdominal_pain,Abdominal pain
rawdisease_hyperinsulinemia,Hyperinsulinemia
rawdisease_hypertrophy,Hypertrophy
rawdisease_neuroendocrine_tumor,Neuroendocrine tumor
rawdisease_medulloblastoma,Medulloblastoma
rawdisease_menkes_syndrome,Menkes syndrome
rawdisease_progressive_multifocal_leukoencephalopathy,Progressive multifocal leukoencephalopathy
rawdisease_vitiligo,Vitiligo
rawdisease_gallbladder_disease,Gallbladder disease
rawdisease_sinusitis,Sinusitis
rawdisease_bullous_pemphigoid,Bullous pemphigoid
rawdisease_geographic_atrophy,Geographic atrophy
rawdisease_thrombocytopenia,Thrombocytopenia
rawdisease_hypertriglyceridemia,Hypertriglyceridemia
rawdisease_binge_eating_disorder,Binge eating disorder
rawdisease_bradykinesia,Bradykinesia
rawdisease_carbon_monoxide_poisoning,Carbon monoxide poisoning
rawdisease_cataract,Cataract
rawdisease_hyperactivity,Hyperactivity
rawdisease_adenocarcinoma,Adenocarcinoma
rawdisease_small-cell_lung_cancer,Small-cell lung cancer
rawdisease_body_dysmorphic_syndrome,Body dysmorphic syndrome
rawdisease_psychomotor_disorder,Psychomotor disorder
rawdisease_cholangiocarcinoma,Cholangiocarcinoma
rawdisease_dizziness,Dizziness
rawdisease_metastatic_non_small_cell_lung_cancer,Metastatic non small cell lung cancer
rawdisease_soft_tissue_sarcoma,Soft tissue sarcoma
rawdisease_chemotherapy-induced_cognitive_impairment,Chemotherapy-induced cognitive impairment
rawdisease_colitis,Colitis
rawdisease_polymyositis,Polymyositis
rawdisease_pompes_disease,Pompes disease
rawdisease_viral_meningitis,Viral meningitis
rawdisease_infantile_spasms,Infantile spasms
rawdisease_hemorrhagic_stroke,Hemorrhagic stroke
rawdisease_marburg_virus_infection,Marburg virus infection
rawdisease_metabolic_encephalopathy,Metabolic encephalopathy
rawdisease_gastritis,Gastritis
rawdisease_ganglioglioma,Ganglioglioma
rawdisease_hydrocephalus,Hydrocephalus
rawdisease_scabies_infection,Scabies infection
rawdisease_developmental_and_epileptic_encephalopathy,Developmental and epileptic encephalopathy
rawdisease_lennox_gastaut_syndrome,Lennox Gastaut syndrome
rawdisease_mucolipidosis,Mucolipidosis
rawdisease_smith-magenis_syndrome,Smith-Magenis syndrome
rawdisease_testis_tumor,Testis tumor
rawdisease_edema,Edema
rawdisease_autoimmune_hepatitis,Autoimmune hepatitis
rawdisease_febrile_neutropenia,Febrile neutropenia
rawdisease_mucositis,Mucositis
rawdisease_multidrug_resistant_infection,Multidrug resistant infection
rawdisease_myocarditis,Myocarditis
rawdisease_lymphoid_leukemia,Lymphoid leukemia
rawdisease_cardiac_hypertrophy,Cardiac hypertrophy
rawdisease_rheumatic_heart_disease,Rheumatic heart disease
rawdisease_helicobacter_pylori_infection,Helicobacter pylori infection
rawdisease_fever,Fever
rawdisease_osteopetrosis,Osteopetrosis
rawdisease_thyroid_associated_ophthalmopathy,Thyroid associated ophthalmopathy
rawdisease_acne,Acne
rawdisease_dysphoria,Dysphoria
rawdisease_congenital_adrenal_hyperplasia,Congenital adrenal hyperplasia
rawdisease_inappropriate_adh_syndrome,Inappropriate ADH syndrome
rawdisease_toxicity,Toxicity
rawdisease_zika_virus_infection,Zika virus infection
rawdisease_helminth_infection,Helminth infection
rawdisease_hereditary_spastic_paraplegia,Hereditary spastic paraplegia
rawdisease_demyelinating_disease,Demyelinating disease
rawdisease_deep_vein_thrombosis,Deep vein thrombosis
rawdisease_turners_syndrome,Turners syndrome
rawdisease_uterus_tumor,Uterus tumor
rawdisease_sunburn,Sunburn
rawdisease_viral_encephalitis,Viral encephalitis
rawdisease_hyperoxaluria,Hyperoxaluria
rawdisease_intestine_tumor,Intestine tumor
rawdisease_amyotrophic_lateral_sclerosis,Amyotrophic lateral sclerosis
rawdisease_chorea,Chorea
rawdisease_myelofibrosis,Myelofibrosis
rawdisease_pox_virus_infection,Pox virus infection
rawdisease_iga_nephropathy,IgA nephropathy
rawdisease_cardiac_arrest,Cardiac arrest
rawdisease_blister,Blister
rawdisease_myeloid_leukemia,Myeloid leukemia
rawdisease_pernicious_anemia,Pernicious anemia
rawdisease_follicle_center_lymphoma,Follicle center lymphoma
rawdisease_lymphoblastic_leukemia,Lymphoblastic leukemia
rawdisease_retinal_edema,Retinal edema
rawdisease_ulcer,Ulcer
rawdisease_dysomia,Dysomia
rawdisease_acne_vulgaris,Acne vulgaris
rawdisease_organ_transplant_rejection,Organ transplant rejection
rawdisease_chronic_inflammatory_demyelinating_polyneuropathy,Chronic inflammatory demyelinating polyneuropathy
rawdisease_thrombocytopenic_purpura,Thrombocytopenic purpura
rawdisease_renal_fibrosis,Renal fibrosis
rawdisease_hypoactive_sexual_desire_disorder,Hypoactive sexual desire disorder
rawdisease_protozoal_infection,Protozoal infection
rawdisease_hyperthyroidism,Hyperthyroidism
rawdisease_exocrine_pancreatic_insufficiency,Exocrine pancreatic insufficiency
rawdisease_cataplexy,Cataplexy
rawdisease_chronic_bronchitis,Chronic bronchitis
rawdisease_lysosomal_acid_lipase_deficiency,Lysosomal acid lipase deficiency
rawdisease_behcets_disease,Behcets disease
rawdisease_multiple_hamartoma_sydrome,Multiple hamartoma sydrome
rawdisease_neurofibromatosis_type_i,Neurofibromatosis type I
rawdisease_diverticulitis,Diverticulitis
rawdisease_graft_versus_host_disease,Graft versus host disease
rawdisease_spinal_cord_disease,Spinal cord disease
rawdisease_frailty_syndrome,Frailty syndrome
rawdisease_organ_transplantation,Organ transplantation
rawdisease_metastasis,Metastasis
rawdisease_muscle_wasting_disease,Muscle wasting disease
rawdisease_vitamin_e_deficiency,Vitamin E deficiency
rawdisease_trigeminal_neuralgia,Trigeminal neuralgia
rawdisease_ocular_inflammation,Ocular inflammation
rawdisease_ocular_pain,Ocular pain
rawdisease_aneurysm,Aneurysm
rawdisease_heart_injury,Heart injury
rawdisease_iron_metabolism_disorder,Iron metabolism disorder
rawdisease_graves_disease,Graves disease
rawdisease_aplastic_anemia,Aplastic anemia
rawdisease_bone_marrow_failure,Bone marrow failure
rawdisease_neutropenia,Neutropenia
rawdisease_premature_aging_diseases,Premature aging diseases
rawdisease_hyperammonemia,Hyperammonemia
rawdisease_maple_syrup_urine_disease,Maple syrup urine disease
rawdisease_ocular_tumor,Ocular tumor
rawdisease_whipple_disease,Whipple disease
rawdisease_kearns_syndrome,Kearns syndrome
rawdisease_vascular_eye_disease,Vascular eye disease
rawdisease_spondylitis,Spondylitis
rawdisease_diabetic_peripheral_neuropathy,Diabetic peripheral neuropathy
rawdisease_cardiorenal_syndrome,Cardiorenal syndrome
rawdisease_diastolic_heart_failure,Diastolic heart failure
rawdisease_consciousness_disorder,Consciousness disorder
rawdisease_cardiogenic_shock,Cardiogenic shock
rawdisease_adjustment_disorder,Adjustment disorder
rawdisease_kawasaki_disease,Kawasaki disease
rawdisease_meniere_disease,Meniere disease
rawdisease_central_nervous_system_demyelinating_disease,Central nervous system demyelinating disease
rawdisease_propionic_acidemia,Propionic acidemia
rawdisease_tyrosinemia,Tyrosinemia
rawdisease_acute_respiratory_distress_syndrome,Acute respiratory distress syndrome
rawdisease_cutaneous_lupus_erythematosus,Cutaneous lupus erythematosus
rawdisease_chondrodysplasia_punctata,Chondrodysplasia punctata
rawdisease_glucose_intolerance,Glucose intolerance
rawdisease_unconsciousness,Unconsciousness
rawdisease_alport_syndrome,Alport syndrome
rawdisease_hepatotoxicity_drug-induced,Hepatotoxicity drug-induced
rawdisease_central_nervous_system_development_disorder,Central nervous system development disorder
rawdisease_partial_seizure,Partial seizure
rawdisease_myoclonic_seizure,Myoclonic seizure
rawdisease_progressive_myoclonic_epilepsy,Progressive myoclonic epilepsy
rawdisease_lung_injury,Lung injury
rawdisease_attention_deficit-disruptive_behaviour_disorder,Attention deficit-disruptive behaviour disorder
rawdisease_churg-strauss_syndrome,Churg-Strauss syndrome
rawdisease_renovascular_hypertension,Renovascular hypertension
rawdisease_hematoma,Hematoma
rawdisease_rosacea,Rosacea
rawdisease_spondylarthritis,Spondylarthritis
rawdisease_allergic_asthma,Allergic asthma
rawdisease_brain_infarction,Brain infarction
rawdisease_achondroplasia,Achondroplasia
rawdisease_crouzon_syndrome,Crouzon syndrome
rawdisease_hypochondroplasia,Hypochondroplasia
rawdisease_muenke_syndrome,Muenke syndrome
rawdisease_osteodyschrondroplasia,Osteodyschrondroplasia
rawdisease_al_amyloidosis,AL amyloidosis
rawdisease_frontotemporal_dysplasia,Frontotemporal dysplasia
rawdisease_central_nervous_system_injury,Central nervous system injury
rawdisease_epithelioid_hemangioendothelioma,Epithelioid hemangioendothelioma
rawdisease_neurofibromatosis_type_ii,Neurofibromatosis type II
rawdisease_oxidative_stress,Oxidative stress
rawdisease_bovine_spongiform_encephalopathy,Bovine spongiform encephalopathy
rawdisease_polyneuropathy,Polyneuropathy
rawdisease_postherpetic_neuralgia,Postherpetic neuralgia
rawdisease_radiculopathy,Radiculopathy
rawdisease_fungal_respiratory_tract_infection,Fungal respiratory tract infection
rawdisease_giant_cell_bone_tumor,Giant cell bone tumor
rawdisease_brain_hemorrhage,Brain hemorrhage
rawdisease_congenital_autonomic_control_failure,Congenital autonomic control failure
rawdisease_chronic_sinusitis,Chronic sinusitis
rawdisease_rhinitis,Rhinitis
rawdisease_cholangitis,Cholangitis
rawdisease_hyperbilirubinemia,Hyperbilirubinemia
rawdisease_lyme_disease,Lyme disease
rawdisease_hurler_syndrome,Hurler syndrome
rawdisease_syndrome_x,Syndrome X
rawdisease_cilia_disease,Cilia disease
rawdisease_gastrointestinal_tumor,Gastrointestinal tumor
rawdisease_arterial_hypertension,Arterial hypertension
rawdisease_batten_disease,Batten disease
rawdisease_diabetic_peripheral_neuropathic_pain,Diabetic peripheral neuropathic pain
rawdisease_gastrointestinal_pain,Gastrointestinal pain
rawdisease_musculoskeletal_pain,Musculoskeletal pain
rawdisease_abdominal_aortic_aneurysm,Abdominal aortic aneurysm
rawdisease_charcot_marie_tooth_type_2_disease,Charcot Marie Tooth type 2 disease
rawdisease_leukoencephalopathy,Leukoencephalopathy
rawdisease_dysphonia,Dysphonia
rawdisease_silicosis,Silicosis
rawdisease_back_pain,Back pain
rawdisease_osteoarthritis_pain,Osteoarthritis pain
rawdisease_shoulder_pain,Shoulder pain
rawdisease_chronic_myelomonocytic_leukemia,Chronic myelomonocytic leukemia
rawdisease_cannabis_dependence,Cannabis dependence
rawdisease_hematological_disease,Hematological disease
rawdisease_kuru,Kuru
rawdisease_anhedonia,Anhedonia
rawdisease_corneal_disease,Corneal disease
rawdisease_intervertebral_disc_disease,Intervertebral disc disease
rawdisease_farber_disease,Farber disease
rawdisease_immediate_type_hypersensitivity,Immediate type hypersensitivity
rawdisease_chronic_kidney_disease,Chronic kidney disease
rawdisease_emphysema,Emphysema
rawdisease_retinal_venous_occlusion,Retinal venous occlusion
rawdisease_paranoid_schizophrenia,Paranoid schizophrenia
rawdisease_pulmonary_edema,Pulmonary edema
rawdisease_pagets_bone_disease,Pagets bone disease
rawdisease_uterine_cervix_tumor,Uterine cervix tumor
rawdisease_amphetamine_dependence,Amphetamine dependence
rawdisease_small_lymphocytic_lymphoma,Small lymphocytic lymphoma
rawdisease_korsakoff_syndrome,Korsakoff syndrome
rawdisease_drug_overdose,Drug overdose
rawdisease_aortic_valve_disease,Aortic valve disease
rawdisease_calcification,Calcification
rawdisease_chondrocalcinosis,Chondrocalcinosis
rawdisease_hypophosphatemia,Hypophosphatemia
rawdisease_autoimmune_demyelinating_nervous_system_disease,Autoimmune demyelinating nervous system disease
rawdisease_allergic_rhinitis,Allergic rhinitis
rawdisease_bone_injury,Bone injury
rawdisease_metabolic_dysfunction-associated_steatohepatitis,Metabolic dysfunction-associated steatohepatitis
rawdisease_acute_renal_disorder,Acute renal disorder
rawdisease_retinitis,Retinitis
rawdisease_fibroma,Fibroma
rawdisease_vulva_disease,Vulva disease
rawdisease_hypokalemia,Hypokalemia
rawdisease_pseudoobstruction,Pseudoobstruction
rawdisease_clostridium_difficile_infection,Clostridium difficile infection
rawdisease_candida_infection,Candida infection
rawdisease_hyperlipoproteinemia,Hyperlipoproteinemia
rawdisease_musculoskeletal_disease,Musculoskeletal disease
rawdisease_head_and_neck_injury,Head and neck injury
rawdisease_urge_urinary_incontinence,Urge urinary incontinence
rawdisease_noonan_syndrome,Noonan syndrome
rawdisease_anaplastic_astrocytoma,Anaplastic astrocytoma
rawdisease_anaplastic_oligoastrocytoma,Anaplastic oligoastrocytoma
rawdisease_astrocytoma,Astrocytoma
rawdisease_ependymoma,Ependymoma
rawdisease_oligodendroglioma,Oligodendroglioma
rawdisease_bilateral_renal_agenesis,Bilateral renal agenesis
rawdisease_male_contraception,Male contraception
rawdisease_medullary_thyroid_cancer,Medullary thyroid cancer
rawdisease_dysesthesia,Dysesthesia
rawdisease_lower_back_pain,Lower back pain
rawdisease_xerostomia,Xerostomia
rawdisease_myotonia,Myotonia
rawdisease_radiation_sickness,Radiation sickness
rawdisease_myotonic_dystrophy_type_2,Myotonic dystrophy type 2
rawdisease_familial_dysautonomia,Familial dysautonomia
rawdisease_joint_disease,Joint disease
rawdisease_kleine-levin_syndrome,Kleine-Levin syndrome
rawdisease_metabolic_dysfunction-associated_steatotic_liver_disease,Metabolic dysfunction-associated steatotic liver disease
rawdisease_intracranial_hypertension,Intracranial hypertension
rawdisease_adult-onset_leukoencephalopathy_alsp,Adult-onset leukoencephalopathy (ALSP)
rawdisease_gingivitis,Gingivitis
rawdisease_urticaria,Urticaria
rawdisease_glomerulosclerosis,Glomerulosclerosis
rawdisease_interstitial_lung_disease,Interstitial lung disease
rawdisease_contact_dermatitis,Contact dermatitis
rawdisease_pediatric_varicella_zoster_virus_infection,Pediatric varicella zoster virus infection
rawdisease_plasmodium_falciparum_infection,Plasmodium falciparum infection
rawdisease_gerstmann_straussler_scheinker_disease,Gerstmann Straussler Scheinker disease
rawdisease_meningioma,Meningioma
rawdisease_keratoderma,Keratoderma
rawdisease_bladder_pain,Bladder pain
rawdisease_parkinsonism,Parkinsonism
rawdisease_myositis,Myositis
rawdisease_inclusion_body_myositis,Inclusion body myositis
rawdisease_nutritional_disorder,Nutritional disorder
rawdisease_bells_palsy,Bells palsy
rawdisease_reiter_syndrome,Reiter syndrome
rawdisease_carpal_tunnel_syndrome,Carpal tunnel syndrome
rawdisease_diabetic_coma,Diabetic coma
rawdisease_ketoacidosis,Ketoacidosis
rawdisease_body_weight_change,Body weight change
rawdisease_hypercalcemia,Hypercalcemia
rawdisease_postoperative_pain,Postoperative pain
rawdisease_retinoblastoma,Retinoblastoma
rawdisease_post_covid-19_condition,Post COVID-19 condition
rawdisease_salivary_glands_disease,Salivary glands disease
rawdisease_open_angle_glaucoma,Open angle glaucoma
rawdisease_saccharomyces_infection,Saccharomyces infection
rawdisease_obstructive_sleep_apnea,Obstructive sleep apnea
rawdisease_acute_chest_syndrome,Acute chest syndrome
rawdisease_thyroid_disease,Thyroid disease
rawdisease_contraception,Contraception
rawdisease_topical_anesthesia,Topical anesthesia
rawdisease_tenosynovial_giant_cell_tumor,Tenosynovial giant cell tumor
rawdisease_osteomalacia,Osteomalacia
rawdisease_bone_resorption,Bone resorption
rawdisease_chronic_liver_failure,Chronic liver failure
rawdisease_poliovirus_infection,Poliovirus infection
rawdisease_carbohydrate_metabolism_disorder,Carbohydrate metabolism disorder
rawdisease_hair_disease,Hair disease
rawdisease_triple-negative_breast_cancer,Triple-negative breast cancer
rawdisease_paroxysmal_nocturnal_hemoglobinuria,Paroxysmal nocturnal hemoglobinuria
rawdisease_t-cell_acute_lymphoblastic_leukemia,T-cell acute lymphoblastic leukemia
rawdisease_neurofibromatosis,Neurofibromatosis
rawdisease_ventricular_arrhythmia,Ventricular arrhythmia
rawdisease_medication_overdose,Medication overdose
rawdisease_allergic_conjunctivitis,Allergic conjunctivitis
rawdisease_mastocytosis,Mastocytosis
rawdisease_hemoglobinuria,Hemoglobinuria
rawdisease_periodontal_disease,Periodontal disease
rawdisease_wegener_granulomatosis,Wegener granulomatosis
rawdisease_pigment_disorder,Pigment disorder
rawdisease_vascular_insufficiency,Vascular insufficiency
rawdisease_viral_pneumonia,Viral pneumonia
rawdisease_hemolytic_anemia,Hemolytic anemia
rawdisease_multifocal_motor_neuropathy,Multifocal motor neuropathy
rawdisease_niemann_pick_disease_type_a,Niemann Pick disease type A
rawdisease_clonic_seizure,Clonic seizure
rawdisease_interstitial_cystitis,Interstitial cystitis
rawdisease_temporomandibular_joint_syndrome,Temporomandibular joint syndrome
rawdisease_iron_deficiency_anemia,Iron deficiency anemia
rawdisease_duchenne_muscular_dystrophy,Duchenne muscular dystrophy
rawdisease_endometrioid_carcinoma,Endometrioid carcinoma
rawdisease_antisocial_personality_disorder,Antisocial personality disorder
rawdisease_basal_ganglia_disease,Basal ganglia disease
rawdisease_genital_herpes,Genital herpes
rawdisease_herpetic_keratitis,Herpetic keratitis
rawdisease_trisomy,Trisomy
rawdisease_tangier_disease,Tangier disease
